This is LuaHBTeX, Version 1.18.0 (TeX Live 2024)  (format=lualatex 2024.11.6)  20 APR 2026 21:18
 restricted system commands enabled.
**index.tex
(./index.tex
LaTeX2e <2024-11-01>
L3 programming layer <2024-11-02>
Lua module: luaotfload 2024-02-14 v3.28 Lua based OpenType font support
Lua module: lualibs 2023-07-13 v2.76 ConTeXt Lua standard libraries.
Lua module: lualibs-extended 2023-07-13 v2.76 ConTeXt Lua libraries -- extended collection.
luaotfload | conf : Root cache directory is "/Users/robertoalvarez/Library/TinyTeX/texmf-var/luatex-cache/generic/names".
luaotfload | init : Loading fontloader "fontloader-2023-12-28.lua" from kpse-resolved path "/Users/robertoalvarez/Library/TinyTeX/texmf-dist/tex/luatex/luaotfload/fontloader-2023-12-28.lua".
Lua-only attribute luaotfload@noligature = 1
luaotfload | init : Context OpenType loader version 3.134
Inserting `luaotfload.node_processor' in `pre_linebreak_filter'.
Inserting `luaotfload.node_processor' in `hpack_filter'.
Inserting `luaotfload.glyph_stream' in `glyph_stream_provider'.
Inserting `luaotfload.define_font' in `define_font'.
Lua-only attribute luaotfload_color_attribute = 2
luaotfload | conf : Root cache directory is "/Users/robertoalvarez/Library/TinyTeX/texmf-var/luatex-cache/generic/names".
Inserting `luaotfload.harf.strip_prefix' in `find_opentype_file'.
Inserting `luaotfload.harf.strip_prefix' in `find_truetype_file'.
Removing  `luaotfload.glyph_stream' from `glyph_stream_provider'.
Inserting `luaotfload.harf.glyphstream' in `glyph_stream_provider'.
Inserting `luaotfload.harf.finalize_vlist' in `post_linebreak_filter'.
Inserting `luaotfload.harf.finalize_hlist' in `hpack_filter'.
Inserting `luaotfload.cleanup_files' in `wrapup_run'.
Inserting `luaotfload.harf.finalize_unicode' in `finish_pdffile'.
Inserting `luaotfload.glyphinfo' in `glyph_info'.
Lua-only attribute luaotfload.letterspace_done = 3
Inserting `luaotfload.aux.set_sscale_dimens' in `luaotfload.patch_font'.
Inserting `luaotfload.aux.set_font_index' in `luaotfload.patch_font'.
Inserting `luaotfload.aux.patch_cambria_domh' in `luaotfload.patch_font'.
Inserting `luaotfload.aux.fixup_fontdata' in `luaotfload.patch_font_unsafe'.
Inserting `luaotfload.aux.set_capheight' in `luaotfload.patch_font'.
Inserting `luaotfload.aux.set_xheight' in `luaotfload.patch_font'.
Inserting `luaotfload.rewrite_fontname' in `luaotfload.patch_font'.
Inserting `tracingstacklevels' in `input_level_string'. (/Users/robertoalvarez/Library/TinyTeX/texmf-dist/tex/latex/koma-script/scrreprt.cls
Document Class: scrreprt 2024/10/24 v3.43 KOMA-Script document class (report)
(/Users/robertoalvarez/Library/TinyTeX/texmf-dist/tex/latex/koma-script/scrkbase.sty
Package: scrkbase 2024/10/24 v3.43 KOMA-Script package (KOMA-Script-dependent basics and keyval usage)
(/Users/robertoalvarez/Library/TinyTeX/texmf-dist/tex/latex/koma-script/scrbase.sty
Package: scrbase 2024/10/24 v3.43 KOMA-Script package (KOMA-Script-independent basics and keyval usage)
(/Users/robertoalvarez/Library/TinyTeX/texmf-dist/tex/latex/koma-script/scrlfile.sty
Package: scrlfile 2024/10/24 v3.43 KOMA-Script package (file load hooks)
(/Users/robertoalvarez/Library/TinyTeX/texmf-dist/tex/latex/koma-script/scrlfile-hook.sty
Package: scrlfile-hook 2024/10/24 v3.43 KOMA-Script package (using LaTeX hooks)
(/Users/robertoalvarez/Library/TinyTeX/texmf-dist/tex/latex/koma-script/scrlogo.sty
Package: scrlogo 2024/10/24 v3.43 KOMA-Script package (logo)
))) (/Users/robertoalvarez/Library/TinyTeX/texmf-dist/tex/latex/graphics/keyval.sty
Package: keyval 2022/05/29 v1.15 key=value parser (DPC)
\KV@toks@=\toks17
)
Applying: [2021/05/01] Usage of raw or classic option list on input line 254.
Already applied: [0000/00/00] Usage of raw or classic option list on input line 370.
)) (/Users/robertoalvarez/Library/TinyTeX/texmf-dist/tex/latex/koma-script/tocbasic.sty
Package: tocbasic 2024/10/24 v3.43 KOMA-Script package (handling toc-files)
\scr@dte@tocline@numberwidth=\skip49
\scr@dte@tocline@numbox=\box52
)
Package tocbasic Info: omitting babel extension for `toc'
(tocbasic)             because of feature `nobabel' available
(tocbasic)             for `toc' on input line 137.
Class scrreprt Info: File `scrsize11pt.clo' used instead of
(scrreprt)           file `scrsize11.clo' to setup font sizes on input line 2713.
(/Users/robertoalvarez/Library/TinyTeX/texmf-dist/tex/latex/koma-script/scrsize11pt.clo
File: scrsize11pt.clo 2024/10/24 v3.43 KOMA-Script font size class option (11pt)
luaotfload | db : Font names database loaded from /Users/robertoalvarez/Library/TinyTeX/texmf-var/luatex-cache/generic/names/luaotfload-names.luc.gz) (/Users/robertoalvarez/Library/TinyTeX/texmf-dist/tex/latex/koma-script/typearea.sty
Package: typearea 2024/10/24 v3.43 KOMA-Script package (type area)
\ta@bcor=\skip50
\ta@div=\count194
Package typearea Info: You've used standard option `letterpaper'.
(typearea)             This is correct!
(typearea)             Internally I'm using `paper=letter'.
(typearea)             If you'd like to set the option with \KOMAoptions,
(typearea)             you'd have to use `paper=letter' there
(typearea)             instead of `letterpaper', too.
\ta@hblk=\skip51
\ta@vblk=\skip52
\ta@temp=\skip53
\footheight=\skip54
Package typearea Info: These are the values describing the layout:
(typearea)             DIV  = 11
(typearea)             BCOR = 0.0pt
(typearea)             \paperwidth      = 614.295pt
(typearea)              \textwidth      = 446.76004pt
(typearea)              DIV departure   = -14%
(typearea)              \evensidemargin = 11.49748pt
(typearea)              \oddsidemargin  = 11.49748pt
(typearea)             \paperheight     = 794.96999pt
(typearea)              \textheight     = 582.20026pt
(typearea)              \topmargin      = -37.40001pt
(typearea)              \headheight     = 17.0pt
(typearea)              \headsep        = 20.40001pt
(typearea)              \topskip        = 11.0pt
(typearea)              \footskip       = 47.6pt
(typearea)              \baselineskip   = 13.6pt
(typearea)              on input line 1802.
)
\c@part=\count195
\c@chapter=\count196
\c@section=\count197
\c@subsection=\count198
\c@subsubsection=\count199
\c@paragraph=\count266
\c@subparagraph=\count267
\scr@dte@chapter@maxnumwidth=\skip55
Class scrreprt Info: using compatibility default `afterindent=bysign'
(scrreprt)           for `\chapter on input line 6020.
\scr@dte@section@maxnumwidth=\skip56
Class scrreprt Info: using compatibility default `runin=bysign'
(scrreprt)           for `\section on input line 6031.
Class scrreprt Info: using compatibility default `afterindent=bysign'
(scrreprt)           for `\section on input line 6031.
\scr@dte@part@maxnumwidth=\skip57
Class scrreprt Info: using compatibility default `afterindent=true'
(scrreprt)           for `\part on input line 6040.
\scr@dte@subsection@maxnumwidth=\skip58
Class scrreprt Info: using compatibility default `runin=bysign'
(scrreprt)           for `\subsection on input line 6050.
Class scrreprt Info: using compatibility default `afterindent=bysign'
(scrreprt)           for `\subsection on input line 6050.
\scr@dte@subsubsection@maxnumwidth=\skip59
Class scrreprt Info: using compatibility default `runin=bysign'
(scrreprt)           for `\subsubsection on input line 6060.
Class scrreprt Info: using compatibility default `afterindent=bysign'
(scrreprt)           for `\subsubsection on input line 6060.
\scr@dte@paragraph@maxnumwidth=\skip60
Class scrreprt Info: using compatibility default `runin=bysign'
(scrreprt)           for `\paragraph on input line 6071.
Class scrreprt Info: using compatibility default `afterindent=bysign'
(scrreprt)           for `\paragraph on input line 6071.
\scr@dte@subparagraph@maxnumwidth=\skip61
Class scrreprt Info: using compatibility default `runin=bysign'
(scrreprt)           for `\subparagraph on input line 6081.
Class scrreprt Info: using compatibility default `afterindent=bysign'
(scrreprt)           for `\subparagraph on input line 6081.
\abovecaptionskip=\skip62
\belowcaptionskip=\skip63
\c@pti@nb@sid@b@x=\box53
Package tocbasic Info: omitting babel extension for `lof'
(tocbasic)             because of feature `nobabel' available
(tocbasic)             for `lof' on input line 7269.
\scr@dte@figure@maxnumwidth=\skip64
\c@figure=\count268
Package tocbasic Info: omitting babel extension for `lot'
(tocbasic)             because of feature `nobabel' available
(tocbasic)             for `lot' on input line 7286.
\scr@dte@table@maxnumwidth=\skip65
\c@table=\count269
Class scrreprt Info: Redefining `\numberline' on input line 7457.
\bibindent=\dimen140
) (/Users/robertoalvarez/Library/TinyTeX/texmf-dist/tex/latex/xcolor/xcolor.sty
Package: xcolor 2024/09/29 v3.02 LaTeX color extensions (UK)
(/Users/robertoalvarez/Library/TinyTeX/texmf-dist/tex/latex/graphics-cfg/color.cfg
File: color.cfg 2016/01/02 v1.6 sample color configuration
)
Package xcolor Info: Driver file: luatex.def on input line 274.
(/Users/robertoalvarez/Library/TinyTeX/texmf-dist/tex/latex/graphics-def/luatex.def
File: luatex.def 2024/04/13 v1.2e Graphics/color driver for luatex
) (/Users/robertoalvarez/Library/TinyTeX/texmf-dist/tex/latex/graphics/mathcolor.ltx)
Package xcolor Info: Model `cmy' substituted by `cmy0' on input line 1349.
Package xcolor Info: Model `hsb' substituted by `rgb' on input line 1353.
Package xcolor Info: Model `RGB' extended on input line 1365.
Package xcolor Info: Model `HTML' substituted by `rgb' on input line 1367.
Package xcolor Info: Model `Hsb' substituted by `hsb' on input line 1368.
Package xcolor Info: Model `tHsb' substituted by `hsb' on input line 1369.
Package xcolor Info: Model `HSB' substituted by `hsb' on input line 1370.
Package xcolor Info: Model `Gray' substituted by `gray' on input line 1371.
Package xcolor Info: Model `wave' substituted by `hsb' on input line 1372.
) (/Users/robertoalvarez/Library/TinyTeX/texmf-dist/tex/latex/graphics/dvipsnam.def
File: dvipsnam.def 2016/06/17 v3.0m Driver-dependent file (DPC,SPQR)
) (/Users/robertoalvarez/Library/TinyTeX/texmf-dist/tex/latex/xcolor/svgnam.def
File: svgnam.def 2024/09/29 v3.02 Predefined colors according to SVG 1.1 (UK)
) (/Users/robertoalvarez/Library/TinyTeX/texmf-dist/tex/latex/xcolor/x11nam.def
File: x11nam.def 2024/09/29 v3.02 Predefined colors according to Unix/X11 (UK)
) (/Users/robertoalvarez/Library/TinyTeX/texmf-dist/tex/latex/amsmath/amsmath.sty
Package: amsmath 2024/10/30 v2.17s AMS math features
\@mathmargin=\skip66
For additional information on amsmath, use the `?' option.
(/Users/robertoalvarez/Library/TinyTeX/texmf-dist/tex/latex/amsmath/amstext.sty
Package: amstext 2021/08/26 v2.01 AMS text
(/Users/robertoalvarez/Library/TinyTeX/texmf-dist/tex/latex/amsmath/amsgen.sty
File: amsgen.sty 1999/11/30 v2.0 generic functions
\@emptytoks=\toks18
\ex@=\dimen141
)) (/Users/robertoalvarez/Library/TinyTeX/texmf-dist/tex/latex/amsmath/amsbsy.sty
Package: amsbsy 1999/11/29 v1.2d Bold Symbols
\pmbraise@=\dimen142
) (/Users/robertoalvarez/Library/TinyTeX/texmf-dist/tex/latex/amsmath/amsopn.sty
Package: amsopn 2022/04/08 v2.04 operator names
)
\inf@bad=\count270
LaTeX Info: Redefining \frac on input line 235.
\uproot@=\count271
\leftroot@=\count272
LaTeX Info: Redefining \overline on input line 398.
LaTeX Info: Redefining \colon on input line 409.
\classnum@=\count273
\DOTSCASE@=\count274
LaTeX Info: Redefining \ldots on input line 502.
LaTeX Info: Redefining \dots on input line 505.
LaTeX Info: Redefining \cdots on input line 638.
\Mathstrutbox@=\box54
\strutbox@=\box55
LaTeX Info: Redefining \big on input line 740.
LaTeX Info: Redefining \Big on input line 741.
LaTeX Info: Redefining \bigg on input line 742.
LaTeX Info: Redefining \Bigg on input line 743.
\big@size=\dimen143
LaTeX Font Info:    Redeclaring font encoding OML on input line 761.
LaTeX Font Info:    Redeclaring font encoding OMS on input line 762.
\macc@depth=\count275
LaTeX Info: Redefining \bmod on input line 923.
LaTeX Info: Redefining \pmod on input line 928.
LaTeX Info: Redefining \smash on input line 958.
LaTeX Info: Redefining \relbar on input line 988.
LaTeX Info: Redefining \Relbar on input line 989.
\c@MaxMatrixCols=\count276
\dotsspace@=\muskip17
\c@parentequation=\count277
\dspbrk@lvl=\count278
\tag@help=\toks19
\row@=\count279
\column@=\count280
\maxfields@=\count281
\andhelp@=\toks20
\eqnshift@=\dimen144
\alignsep@=\dimen145
\tagshift@=\dimen146
\tagwidth@=\dimen147
\totwidth@=\dimen148
\lineht@=\dimen149
\@envbody=\toks21
\multlinegap=\skip67
\multlinetaggap=\skip68
\mathdisplay@stack=\toks22
LaTeX Info: Redefining \[ on input line 2972.
LaTeX Info: Redefining \] on input line 2973.
) (/Users/robertoalvarez/Library/TinyTeX/texmf-dist/tex/latex/amsfonts/amssymb.sty
Package: amssymb 2013/01/14 v3.01 AMS font symbols
(/Users/robertoalvarez/Library/TinyTeX/texmf-dist/tex/latex/amsfonts/amsfonts.sty
Package: amsfonts 2013/01/14 v3.01 Basic AMSFonts support
\symAMSa=\mathgroup4
\symAMSb=\mathgroup5
LaTeX Font Info:    Redeclaring math symbol \hbar on input line 98.
LaTeX Font Info:    Overwriting math alphabet `\mathfrak' in version `bold'
(Font)                  U/euf/m/n --> U/euf/b/n on input line 106.
)) (/Users/robertoalvarez/Library/TinyTeX/texmf-dist/tex/generic/iftex/iftex.sty
Package: iftex 2022/02/03 v1.0f TeX engine tests
) (/Users/robertoalvarez/Library/TinyTeX/texmf-dist/tex/latex/unicode-math/unicode-math.sty (/Users/robertoalvarez/Library/TinyTeX/texmf-dist/tex/latex/l3kernel/expl3.sty
Package: expl3 2024-11-02 L3 programming layer (loader) 
(/Users/robertoalvarez/Library/TinyTeX/texmf-dist/tex/latex/l3backend/l3backend-luatex.def
File: l3backend-luatex.def 2024-05-08 L3 backend support: PDF output (LuaTeX)
\l__color_backend_stack_int=\count282
Inserting `l3color' in `luaotfload.parse_color'.
\l__pdf_internal_box=\box56
))
Package: unicode-math 2023/08/13 v0.8r Unicode maths in XeLaTeX and LuaLaTeX
(/Users/robertoalvarez/Library/TinyTeX/texmf-dist/tex/latex/unicode-math/unicode-math-luatex.sty
Package: unicode-math-luatex 2023/08/13 v0.8r Unicode maths in XeLaTeX and LuaLaTeX
(/Users/robertoalvarez/Library/TinyTeX/texmf-dist/tex/latex/l3packages/xparse/xparse.sty
Package: xparse 2024-08-16 L3 Experimental document command parser
) (/Users/robertoalvarez/Library/TinyTeX/texmf-dist/tex/latex/l3packages/l3keys2e/l3keys2e.sty
Package: l3keys2e 2024-08-16 LaTeX2e option processing using LaTeX3 keys
) (/Users/robertoalvarez/Library/TinyTeX/texmf-dist/tex/latex/fontspec/fontspec.sty
Package: fontspec 2024/05/11 v2.9e Font selection for XeLaTeX and LuaLaTeX
Lua module: fontspec 2024/05/11 v2.9e Font selection for XeLaTeX and LuaLaTeX (/Users/robertoalvarez/Library/TinyTeX/texmf-dist/tex/latex/fontspec/fontspec-luatex.sty
Package: fontspec-luatex 2024/05/11 v2.9e Font selection for XeLaTeX and LuaLaTeX
\l__fontspec_script_int=\count283
\l__fontspec_language_int=\count284
\l__fontspec_strnum_int=\count285
\l__fontspec_tmp_int=\count286
\l__fontspec_tmpa_int=\count287
\l__fontspec_tmpb_int=\count288
\l__fontspec_tmpc_int=\count289
\l__fontspec_em_int=\count290
\l__fontspec_emdef_int=\count291
\l__fontspec_strong_int=\count292
\l__fontspec_strongdef_int=\count293
\l__fontspec_tmpa_dim=\dimen150
\l__fontspec_tmpb_dim=\dimen151
\l__fontspec_tmpc_dim=\dimen152
(/Users/robertoalvarez/Library/TinyTeX/texmf-dist/tex/latex/base/fontenc.sty
Package: fontenc 2021/04/29 v2.0v Standard LaTeX package
) (/Users/robertoalvarez/Library/TinyTeX/texmf-dist/tex/latex/fontspec/fontspec.cfg))) (/Users/robertoalvarez/Library/TinyTeX/texmf-dist/tex/latex/base/fix-cm.sty
Package: fix-cm 2020/11/24 v1.1t fixes to LaTeX
(/Users/robertoalvarez/Library/TinyTeX/texmf-dist/tex/latex/base/ts1enc.def
File: ts1enc.def 2001/06/05 v3.0e (jk/car/fm) Standard LaTeX file
LaTeX Font Info:    Redeclaring font encoding TS1 on input line 47.
)) (/Users/robertoalvarez/Library/TinyTeX/texmf-dist/tex/lualatex/lualatex-math/lualatex-math.sty
Package: lualatex-math 2022/01/01 v1.12 Patches for mathematics typesetting with LuaLaTeX
(/Users/robertoalvarez/Library/TinyTeX/texmf-dist/tex/latex/etoolbox/etoolbox.sty
Package: etoolbox 2020/10/05 v2.5k e-TeX tools for LaTeX (JAW)
\etb@tempcnta=\count294
)
Lua module: lualatex-math 2013/08/03 v1.3 Patches for mathematics typesetting with LuaLaTeX)
\g__um_fam_int=\count295
\g__um_fonts_used_int=\count296
\l__um_primecount_int=\count297
\g__um_primekern_muskip=\muskip18
(/Users/robertoalvarez/Library/TinyTeX/texmf-dist/tex/latex/unicode-math/unicode-math-table.tex))) (/Users/robertoalvarez/Library/TinyTeX/texmf-dist/tex/latex/lm/lmodern.sty
Package: lmodern 2015/05/01 v1.6.1 Latin Modern Fonts
LaTeX Font Info:    Overwriting symbol font `operators' in version `normal'
(Font)                  OT1/cmr/m/n --> OT1/lmr/m/n on input line 22.
LaTeX Font Info:    Overwriting symbol font `letters' in version `normal'
(Font)                  OML/cmm/m/it --> OML/lmm/m/it on input line 23.
LaTeX Font Info:    Overwriting symbol font `symbols' in version `normal'
(Font)                  OMS/cmsy/m/n --> OMS/lmsy/m/n on input line 24.
LaTeX Font Info:    Overwriting symbol font `largesymbols' in version `normal'
(Font)                  OMX/cmex/m/n --> OMX/lmex/m/n on input line 25.
LaTeX Font Info:    Overwriting symbol font `operators' in version `bold'
(Font)                  OT1/cmr/bx/n --> OT1/lmr/bx/n on input line 26.
LaTeX Font Info:    Overwriting symbol font `letters' in version `bold'
(Font)                  OML/cmm/b/it --> OML/lmm/b/it on input line 27.
LaTeX Font Info:    Overwriting symbol font `symbols' in version `bold'
(Font)                  OMS/cmsy/b/n --> OMS/lmsy/b/n on input line 28.
LaTeX Font Info:    Overwriting symbol font `largesymbols' in version `bold'
(Font)                  OMX/cmex/m/n --> OMX/lmex/m/n on input line 29.
LaTeX Font Info:    Overwriting math alphabet `\mathbf' in version `normal'
(Font)                  OT1/cmr/bx/n --> OT1/lmr/bx/n on input line 31.
LaTeX Font Info:    Overwriting math alphabet `\mathsf' in version `normal'
(Font)                  OT1/cmss/m/n --> OT1/lmss/m/n on input line 32.
LaTeX Font Info:    Overwriting math alphabet `\mathit' in version `normal'
(Font)                  OT1/cmr/m/it --> OT1/lmr/m/it on input line 33.
LaTeX Font Info:    Overwriting math alphabet `\mathtt' in version `normal'
(Font)                  OT1/cmtt/m/n --> OT1/lmtt/m/n on input line 34.
LaTeX Font Info:    Overwriting math alphabet `\mathbf' in version `bold'
(Font)                  OT1/cmr/bx/n --> OT1/lmr/bx/n on input line 35.
LaTeX Font Info:    Overwriting math alphabet `\mathsf' in version `bold'
(Font)                  OT1/cmss/bx/n --> OT1/lmss/bx/n on input line 36.
LaTeX Font Info:    Overwriting math alphabet `\mathit' in version `bold'
(Font)                  OT1/cmr/bx/it --> OT1/lmr/bx/it on input line 37.
LaTeX Font Info:    Overwriting math alphabet `\mathtt' in version `bold'
(Font)                  OT1/cmtt/m/n --> OT1/lmtt/m/n on input line 38.
) (/Users/robertoalvarez/Library/TinyTeX/texmf-dist/tex/latex/upquote/upquote.sty
Package: upquote 2012/04/19 v1.3 upright-quote and grave-accent glyphs in verbatim
(/Users/robertoalvarez/Library/TinyTeX/texmf-dist/tex/latex/base/textcomp.sty
Package: textcomp 2024/04/24 v2.1b Standard LaTeX package
)) (/Users/robertoalvarez/Library/TinyTeX/texmf-dist/tex/latex/microtype/microtype.sty
Package: microtype 2024/03/29 v3.1b Micro-typographical refinements (RS)
\MT@toks=\toks23
\MT@tempbox=\box57
\MT@count=\count298
LaTeX Info: Redefining \noprotrusionifhmode on input line 1061.
LaTeX Info: Redefining \leftprotrusion on input line 1062.
\MT@prot@toks=\toks24
LaTeX Info: Redefining \rightprotrusion on input line 1081.
LaTeX Info: Redefining \textls on input line 1392.
\MT@outer@kern=\dimen153
LaTeX Info: Redefining \textmicrotypecontext on input line 2013.
\MT@listname@count=\count299
(/Users/robertoalvarez/Library/TinyTeX/texmf-dist/tex/latex/microtype/microtype-luatex.def
File: microtype-luatex.def 2024/03/29 v3.1b Definitions specific to luatex (RS)
Lua module: microtype 2024/03/29 v3.1b microtype module.
Module microtype Info: overwriting function `keepligature' on input line 63
LaTeX Info: Redefining \lsstyle on input line 693.
LaTeX Info: Redefining \lslig on input line 693.
\MT@outer@space=\skip69
)
Package microtype Info: Loading configuration file microtype.cfg.
(/Users/robertoalvarez/Library/TinyTeX/texmf-dist/tex/latex/microtype/microtype.cfg
File: microtype.cfg 2024/03/29 v3.1b microtype main configuration file (RS)
)) (/Users/robertoalvarez/Library/TinyTeX/texmf-dist/tex/latex/fancyvrb/fancyvrb.sty
Package: fancyvrb 2024/01/20 4.5c verbatim text (tvz,hv)
\FV@CodeLineNo=\count300
\FV@InFile=\read2
\FV@TabBox=\box58
\c@FancyVerbLine=\count301
\FV@StepNumber=\count302
\FV@OutFile=\write3
) (/Users/robertoalvarez/Library/TinyTeX/texmf-dist/tex/latex/framed/framed.sty
Package: framed 2011/10/22 v 0.96: framed or shaded text with page breaks
\OuterFrameSep=\skip70
\fb@frw=\dimen154
\fb@frh=\dimen155
\FrameRule=\dimen156
\FrameSep=\dimen157
) (/Users/robertoalvarez/Library/TinyTeX/texmf-dist/tex/latex/tools/longtable.sty
Package: longtable 2024-10-27 v4.22 Multi-page Table package (DPC)
\LTleft=\skip71
\LTright=\skip72
\LTpre=\skip73
\LTpost=\skip74
\LTchunksize=\count303
\LTcapwidth=\dimen158
\LT@head=\box59
\LT@firsthead=\box60
\LT@foot=\box61
\LT@lastfoot=\box62
\LT@gbox=\box63
\LT@cols=\count304
\LT@rows=\count305
\c@LT@tables=\count306
\c@LT@chunks=\count307
\LT@p@ftn=\toks25
)
Class scrreprt Info: longtable captions redefined on input line 110.
(/Users/robertoalvarez/Library/TinyTeX/texmf-dist/tex/latex/booktabs/booktabs.sty
Package: booktabs 2020/01/12 v1.61803398 Publication quality tables
\heavyrulewidth=\dimen159
\lightrulewidth=\dimen160
\cmidrulewidth=\dimen161
\belowrulesep=\dimen162
\belowbottomsep=\dimen163
\aboverulesep=\dimen164
\abovetopsep=\dimen165
\cmidrulesep=\dimen166
\cmidrulekern=\dimen167
\defaultaddspace=\dimen168
\@cmidla=\count308
\@cmidlb=\count309
\@aboverulesep=\dimen169
\@belowrulesep=\dimen170
\@thisruleclass=\count310
\@lastruleclass=\count311
\@thisrulewidth=\dimen171
) (/Users/robertoalvarez/Library/TinyTeX/texmf-dist/tex/latex/tools/array.sty
Package: array 2024/10/17 v2.6g Tabular extension package (FMi)
\col@sep=\dimen172
\ar@mcellbox=\box64
\extrarowheight=\dimen173
\NC@list=\toks26
\extratabsurround=\skip75
\backup@length=\skip76
\ar@cellbox=\box65
) (/Users/robertoalvarez/Library/TinyTeX/texmf-dist/tex/latex/tools/calc.sty
Package: calc 2023/07/08 v4.3 Infix arithmetic (KKT,FJ)
\calc@Acount=\count312
\calc@Bcount=\count313
\calc@Adimen=\dimen174
\calc@Bdimen=\dimen175
\calc@Askip=\skip77
\calc@Bskip=\skip78
LaTeX Info: Redefining \setlength on input line 80.
LaTeX Info: Redefining \addtolength on input line 81.
\calc@Ccount=\count314
\calc@Cskip=\skip79
) (/Users/robertoalvarez/Library/TinyTeX/texmf-dist/tex/latex/mdwtools/footnote.sty
Package: footnote 1997/01/28 1.13 Save footnotes around boxes
\fn@notes=\box66
\fn@width=\dimen176
) (/Users/robertoalvarez/Library/TinyTeX/texmf-dist/tex/latex/graphics/graphicx.sty
Package: graphicx 2021/09/16 v1.2d Enhanced LaTeX Graphics (DPC,SPQR)
(/Users/robertoalvarez/Library/TinyTeX/texmf-dist/tex/latex/graphics/graphics.sty
Package: graphics 2024/08/06 v1.4g Standard LaTeX Graphics (DPC,SPQR)
(/Users/robertoalvarez/Library/TinyTeX/texmf-dist/tex/latex/graphics/trig.sty
Package: trig 2023/12/02 v1.11 sin cos tan (DPC)
) (/Users/robertoalvarez/Library/TinyTeX/texmf-dist/tex/latex/graphics-cfg/graphics.cfg
File: graphics.cfg 2016/06/04 v1.11 sample graphics configuration
)
Package graphics Info: Driver file: luatex.def on input line 106.
)
\Gin@req@height=\dimen177
\Gin@req@width=\dimen178
)
\pandoc@box=\box67
\cslhangindent=\skip80
\csllabelwidth=\skip81
(/Users/robertoalvarez/Library/TinyTeX/texmf-dist/tex/latex/tcolorbox/tcolorbox.sty
Package: tcolorbox 2024/10/22 version 6.4.1 text color boxes
(/Users/robertoalvarez/Library/TinyTeX/texmf-dist/tex/latex/pgf/frontendlayer/tikz.sty (/Users/robertoalvarez/Library/TinyTeX/texmf-dist/tex/latex/pgf/basiclayer/pgf.sty (/Users/robertoalvarez/Library/TinyTeX/texmf-dist/tex/latex/pgf/utilities/pgfrcs.sty (/Users/robertoalvarez/Library/TinyTeX/texmf-dist/tex/generic/pgf/utilities/pgfutil-common.tex
\pgfutil@everybye=\toks27
\pgfutil@tempdima=\dimen179
\pgfutil@tempdimb=\dimen180
) (/Users/robertoalvarez/Library/TinyTeX/texmf-dist/tex/generic/pgf/utilities/pgfutil-latex.def
\pgfutil@abb=\box68
) (/Users/robertoalvarez/Library/TinyTeX/texmf-dist/tex/generic/pgf/utilities/pgfrcs.code.tex (/Users/robertoalvarez/Library/TinyTeX/texmf-dist/tex/generic/pgf/pgf.revision.tex)
Package: pgfrcs 2023-01-15 v3.1.10 (3.1.10)
))
Package: pgf 2023-01-15 v3.1.10 (3.1.10)
(/Users/robertoalvarez/Library/TinyTeX/texmf-dist/tex/latex/pgf/basiclayer/pgfcore.sty (/Users/robertoalvarez/Library/TinyTeX/texmf-dist/tex/latex/pgf/systemlayer/pgfsys.sty (/Users/robertoalvarez/Library/TinyTeX/texmf-dist/tex/generic/pgf/systemlayer/pgfsys.code.tex
Package: pgfsys 2023-01-15 v3.1.10 (3.1.10)
(/Users/robertoalvarez/Library/TinyTeX/texmf-dist/tex/generic/pgf/utilities/pgfkeys.code.tex
\pgfkeys@pathtoks=\toks28
\pgfkeys@temptoks=\toks29
(/Users/robertoalvarez/Library/TinyTeX/texmf-dist/tex/generic/pgf/utilities/pgfkeyslibraryfiltered.code.tex
\pgfkeys@tmptoks=\toks30
))
\pgf@x=\dimen181
\pgf@y=\dimen182
\pgf@xa=\dimen183
\pgf@ya=\dimen184
\pgf@xb=\dimen185
\pgf@yb=\dimen186
\pgf@xc=\dimen187
\pgf@yc=\dimen188
\pgf@xd=\dimen189
\pgf@yd=\dimen190
\w@pgf@writea=\write4
\r@pgf@reada=\read3
\c@pgf@counta=\count315
\c@pgf@countb=\count316
\c@pgf@countc=\count317
\c@pgf@countd=\count318
\t@pgf@toka=\toks31
\t@pgf@tokb=\toks32
\t@pgf@tokc=\toks33
\pgf@sys@id@count=\count319
(/Users/robertoalvarez/Library/TinyTeX/texmf-dist/tex/generic/pgf/systemlayer/pgf.cfg
File: pgf.cfg 2023-01-15 v3.1.10 (3.1.10)
)
Driver file for pgf: pgfsys-luatex.def
(/Users/robertoalvarez/Library/TinyTeX/texmf-dist/tex/generic/pgf/systemlayer/pgfsys-luatex.def
File: pgfsys-luatex.def 2023-01-15 v3.1.10 (3.1.10)
(/Users/robertoalvarez/Library/TinyTeX/texmf-dist/tex/generic/pgf/systemlayer/pgfsys-common-pdf.def
File: pgfsys-common-pdf.def 2023-01-15 v3.1.10 (3.1.10)
))) (/Users/robertoalvarez/Library/TinyTeX/texmf-dist/tex/generic/pgf/systemlayer/pgfsyssoftpath.code.tex
File: pgfsyssoftpath.code.tex 2023-01-15 v3.1.10 (3.1.10)
\pgfsyssoftpath@smallbuffer@items=\count320
\pgfsyssoftpath@bigbuffer@items=\count321
) (/Users/robertoalvarez/Library/TinyTeX/texmf-dist/tex/generic/pgf/systemlayer/pgfsysprotocol.code.tex
File: pgfsysprotocol.code.tex 2023-01-15 v3.1.10 (3.1.10)
)) (/Users/robertoalvarez/Library/TinyTeX/texmf-dist/tex/generic/pgf/basiclayer/pgfcore.code.tex
Package: pgfcore 2023-01-15 v3.1.10 (3.1.10)
(/Users/robertoalvarez/Library/TinyTeX/texmf-dist/tex/generic/pgf/math/pgfmath.code.tex (/Users/robertoalvarez/Library/TinyTeX/texmf-dist/tex/generic/pgf/math/pgfmathutil.code.tex) (/Users/robertoalvarez/Library/TinyTeX/texmf-dist/tex/generic/pgf/math/pgfmathparser.code.tex
\pgfmath@dimen=\dimen191
\pgfmath@count=\count322
\pgfmath@box=\box69
\pgfmath@toks=\toks34
\pgfmath@stack@operand=\toks35
\pgfmath@stack@operation=\toks36
) (/Users/robertoalvarez/Library/TinyTeX/texmf-dist/tex/generic/pgf/math/pgfmathfunctions.code.tex) (/Users/robertoalvarez/Library/TinyTeX/texmf-dist/tex/generic/pgf/math/pgfmathfunctions.basic.code.tex) (/Users/robertoalvarez/Library/TinyTeX/texmf-dist/tex/generic/pgf/math/pgfmathfunctions.trigonometric.code.tex) (/Users/robertoalvarez/Library/TinyTeX/texmf-dist/tex/generic/pgf/math/pgfmathfunctions.random.code.tex) (/Users/robertoalvarez/Library/TinyTeX/texmf-dist/tex/generic/pgf/math/pgfmathfunctions.comparison.code.tex) (/Users/robertoalvarez/Library/TinyTeX/texmf-dist/tex/generic/pgf/math/pgfmathfunctions.base.code.tex) (/Users/robertoalvarez/Library/TinyTeX/texmf-dist/tex/generic/pgf/math/pgfmathfunctions.round.code.tex) (/Users/robertoalvarez/Library/TinyTeX/texmf-dist/tex/generic/pgf/math/pgfmathfunctions.misc.code.tex) (/Users/robertoalvarez/Library/TinyTeX/texmf-dist/tex/generic/pgf/math/pgfmathfunctions.integerarithmetics.code.tex) (/Users/robertoalvarez/Library/TinyTeX/texmf-dist/tex/generic/pgf/math/pgfmathcalc.code.tex) (/Users/robertoalvarez/Library/TinyTeX/texmf-dist/tex/generic/pgf/math/pgfmathfloat.code.tex
\c@pgfmathroundto@lastzeros=\count323
)) (/Users/robertoalvarez/Library/TinyTeX/texmf-dist/tex/generic/pgf/math/pgfint.code.tex) (/Users/robertoalvarez/Library/TinyTeX/texmf-dist/tex/generic/pgf/basiclayer/pgfcorepoints.code.tex
File: pgfcorepoints.code.tex 2023-01-15 v3.1.10 (3.1.10)
\pgf@picminx=\dimen192
\pgf@picmaxx=\dimen193
\pgf@picminy=\dimen194
\pgf@picmaxy=\dimen195
\pgf@pathminx=\dimen196
\pgf@pathmaxx=\dimen197
\pgf@pathminy=\dimen198
\pgf@pathmaxy=\dimen199
\pgf@xx=\dimen256
\pgf@xy=\dimen257
\pgf@yx=\dimen258
\pgf@yy=\dimen259
\pgf@zx=\dimen260
\pgf@zy=\dimen261
) (/Users/robertoalvarez/Library/TinyTeX/texmf-dist/tex/generic/pgf/basiclayer/pgfcorepathconstruct.code.tex
File: pgfcorepathconstruct.code.tex 2023-01-15 v3.1.10 (3.1.10)
\pgf@path@lastx=\dimen262
\pgf@path@lasty=\dimen263
) (/Users/robertoalvarez/Library/TinyTeX/texmf-dist/tex/generic/pgf/basiclayer/pgfcorepathusage.code.tex
File: pgfcorepathusage.code.tex 2023-01-15 v3.1.10 (3.1.10)
\pgf@shorten@end@additional=\dimen264
\pgf@shorten@start@additional=\dimen265
) (/Users/robertoalvarez/Library/TinyTeX/texmf-dist/tex/generic/pgf/basiclayer/pgfcorescopes.code.tex
File: pgfcorescopes.code.tex 2023-01-15 v3.1.10 (3.1.10)
\pgfpic=\box70
\pgf@hbox=\box71
\pgf@layerbox@main=\box72
\pgf@picture@serial@count=\count324
) (/Users/robertoalvarez/Library/TinyTeX/texmf-dist/tex/generic/pgf/basiclayer/pgfcoregraphicstate.code.tex
File: pgfcoregraphicstate.code.tex 2023-01-15 v3.1.10 (3.1.10)
\pgflinewidth=\dimen266
) (/Users/robertoalvarez/Library/TinyTeX/texmf-dist/tex/generic/pgf/basiclayer/pgfcoretransformations.code.tex
File: pgfcoretransformations.code.tex 2023-01-15 v3.1.10 (3.1.10)
\pgf@pt@x=\dimen267
\pgf@pt@y=\dimen268
\pgf@pt@temp=\dimen269
) (/Users/robertoalvarez/Library/TinyTeX/texmf-dist/tex/generic/pgf/basiclayer/pgfcorequick.code.tex
File: pgfcorequick.code.tex 2023-01-15 v3.1.10 (3.1.10)
) (/Users/robertoalvarez/Library/TinyTeX/texmf-dist/tex/generic/pgf/basiclayer/pgfcoreobjects.code.tex
File: pgfcoreobjects.code.tex 2023-01-15 v3.1.10 (3.1.10)
) (/Users/robertoalvarez/Library/TinyTeX/texmf-dist/tex/generic/pgf/basiclayer/pgfcorepathprocessing.code.tex
File: pgfcorepathprocessing.code.tex 2023-01-15 v3.1.10 (3.1.10)
) (/Users/robertoalvarez/Library/TinyTeX/texmf-dist/tex/generic/pgf/basiclayer/pgfcorearrows.code.tex
File: pgfcorearrows.code.tex 2023-01-15 v3.1.10 (3.1.10)
\pgfarrowsep=\dimen270
) (/Users/robertoalvarez/Library/TinyTeX/texmf-dist/tex/generic/pgf/basiclayer/pgfcoreshade.code.tex
File: pgfcoreshade.code.tex 2023-01-15 v3.1.10 (3.1.10)
\pgf@max=\dimen271
\pgf@sys@shading@range@num=\count325
\pgf@shadingcount=\count326
) (/Users/robertoalvarez/Library/TinyTeX/texmf-dist/tex/generic/pgf/basiclayer/pgfcoreimage.code.tex
File: pgfcoreimage.code.tex 2023-01-15 v3.1.10 (3.1.10)
) (/Users/robertoalvarez/Library/TinyTeX/texmf-dist/tex/generic/pgf/basiclayer/pgfcoreexternal.code.tex
File: pgfcoreexternal.code.tex 2023-01-15 v3.1.10 (3.1.10)
\pgfexternal@startupbox=\box73
) (/Users/robertoalvarez/Library/TinyTeX/texmf-dist/tex/generic/pgf/basiclayer/pgfcorelayers.code.tex
File: pgfcorelayers.code.tex 2023-01-15 v3.1.10 (3.1.10)
) (/Users/robertoalvarez/Library/TinyTeX/texmf-dist/tex/generic/pgf/basiclayer/pgfcoretransparency.code.tex
File: pgfcoretransparency.code.tex 2023-01-15 v3.1.10 (3.1.10)
) (/Users/robertoalvarez/Library/TinyTeX/texmf-dist/tex/generic/pgf/basiclayer/pgfcorepatterns.code.tex
File: pgfcorepatterns.code.tex 2023-01-15 v3.1.10 (3.1.10)
) (/Users/robertoalvarez/Library/TinyTeX/texmf-dist/tex/generic/pgf/basiclayer/pgfcorerdf.code.tex
File: pgfcorerdf.code.tex 2023-01-15 v3.1.10 (3.1.10)
))) (/Users/robertoalvarez/Library/TinyTeX/texmf-dist/tex/generic/pgf/modules/pgfmoduleshapes.code.tex
File: pgfmoduleshapes.code.tex 2023-01-15 v3.1.10 (3.1.10)
\pgfnodeparttextbox=\box74
) (/Users/robertoalvarez/Library/TinyTeX/texmf-dist/tex/generic/pgf/modules/pgfmoduleplot.code.tex
File: pgfmoduleplot.code.tex 2023-01-15 v3.1.10 (3.1.10)
) (/Users/robertoalvarez/Library/TinyTeX/texmf-dist/tex/latex/pgf/compatibility/pgfcomp-version-0-65.sty
Package: pgfcomp-version-0-65 2023-01-15 v3.1.10 (3.1.10)
\pgf@nodesepstart=\dimen272
\pgf@nodesepend=\dimen273
) (/Users/robertoalvarez/Library/TinyTeX/texmf-dist/tex/latex/pgf/compatibility/pgfcomp-version-1-18.sty
Package: pgfcomp-version-1-18 2023-01-15 v3.1.10 (3.1.10)
)) (/Users/robertoalvarez/Library/TinyTeX/texmf-dist/tex/latex/pgf/utilities/pgffor.sty (/Users/robertoalvarez/Library/TinyTeX/texmf-dist/tex/latex/pgf/utilities/pgfkeys.sty (/Users/robertoalvarez/Library/TinyTeX/texmf-dist/tex/generic/pgf/utilities/pgfkeys.code.tex)) (/Users/robertoalvarez/Library/TinyTeX/texmf-dist/tex/latex/pgf/math/pgfmath.sty (/Users/robertoalvarez/Library/TinyTeX/texmf-dist/tex/generic/pgf/math/pgfmath.code.tex)) (/Users/robertoalvarez/Library/TinyTeX/texmf-dist/tex/generic/pgf/utilities/pgffor.code.tex
Package: pgffor 2023-01-15 v3.1.10 (3.1.10)
\pgffor@iter=\dimen274
\pgffor@skip=\dimen275
\pgffor@stack=\toks37
\pgffor@toks=\toks38
)) (/Users/robertoalvarez/Library/TinyTeX/texmf-dist/tex/generic/pgf/frontendlayer/tikz/tikz.code.tex
Package: tikz 2023-01-15 v3.1.10 (3.1.10)
(/Users/robertoalvarez/Library/TinyTeX/texmf-dist/tex/generic/pgf/libraries/pgflibraryplothandlers.code.tex
File: pgflibraryplothandlers.code.tex 2023-01-15 v3.1.10 (3.1.10)
\pgf@plot@mark@count=\count327
\pgfplotmarksize=\dimen276
)
\tikz@lastx=\dimen277
\tikz@lasty=\dimen278
\tikz@lastxsaved=\dimen279
\tikz@lastysaved=\dimen280
\tikz@lastmovetox=\dimen281
\tikz@lastmovetoy=\dimen282
\tikzleveldistance=\dimen283
\tikzsiblingdistance=\dimen284
\tikz@figbox=\box75
\tikz@figbox@bg=\box76
\tikz@tempbox=\box77
\tikz@tempbox@bg=\box78
\tikztreelevel=\count328
\tikznumberofchildren=\count329
\tikznumberofcurrentchild=\count330
\tikz@fig@count=\count331
(/Users/robertoalvarez/Library/TinyTeX/texmf-dist/tex/generic/pgf/modules/pgfmodulematrix.code.tex
File: pgfmodulematrix.code.tex 2023-01-15 v3.1.10 (3.1.10)
\pgfmatrixcurrentrow=\count332
\pgfmatrixcurrentcolumn=\count333
\pgf@matrix@numberofcolumns=\count334
)
\tikz@expandcount=\count335
(/Users/robertoalvarez/Library/TinyTeX/texmf-dist/tex/generic/pgf/frontendlayer/tikz/libraries/tikzlibrarytopaths.code.tex
File: tikzlibrarytopaths.code.tex 2023-01-15 v3.1.10 (3.1.10)
))) (/Users/robertoalvarez/Library/TinyTeX/texmf-dist/tex/latex/tools/verbatim.sty
Package: verbatim 2024-01-22 v1.5x LaTeX2e package for verbatim enhancements
\every@verbatim=\toks39
\verbatim@line=\toks40
\verbatim@in@stream=\read4
) (/Users/robertoalvarez/Library/TinyTeX/texmf-dist/tex/latex/environ/environ.sty
Package: environ 2014/05/04 v0.3 A new way to define environments
(/Users/robertoalvarez/Library/TinyTeX/texmf-dist/tex/latex/trimspaces/trimspaces.sty
Package: trimspaces 2009/09/17 v1.1 Trim spaces around a token list
))
\tcb@titlebox=\box79
\tcb@upperbox=\box80
\tcb@lowerbox=\box81
\tcb@phantombox=\box82
\c@tcbbreakpart=\count336
\c@tcblayer=\count337
\c@tcolorbox@number=\count338
\l__tcobox_tmpa_box=\box83
\l__tcobox_tmpa_dim=\dimen285
\tcb@temp=\box84
\tcb@temp=\box85
\tcb@temp=\box86
\tcb@temp=\box87
(/Users/robertoalvarez/Library/TinyTeX/texmf-dist/tex/latex/tcolorbox/tcbskins.code.tex
Library (tcolorbox): 'tcbskins.code.tex' version '6.4.1'
(/Users/robertoalvarez/Library/TinyTeX/texmf-dist/tex/latex/tikzfill/tikzfill.image.sty
Package: tikzfill.image 2023/08/08 v1.0.1 Image filling library for TikZ
(/Users/robertoalvarez/Library/TinyTeX/texmf-dist/tex/latex/tikzfill/tikzfill-common.sty
Package: tikzfill-common 2023/08/08 v1.0.1 Auxiliary code for tikzfill
) (/Users/robertoalvarez/Library/TinyTeX/texmf-dist/tex/latex/tikzfill/tikzlibraryfill.image.code.tex
File: tikzlibraryfill.image.code.tex 2023/08/08 v1.0.1 Image filling library
\l__tikzfill_img_box=\box88
)) (/Users/robertoalvarez/Library/TinyTeX/texmf-dist/tex/latex/tcolorbox/tcbskinsjigsaw.code.tex
Library (tcolorbox): 'tcbskinsjigsaw.code.tex' version '6.4.1'
)) (/Users/robertoalvarez/Library/TinyTeX/texmf-dist/tex/latex/tcolorbox/tcbbreakable.code.tex
Library (tcolorbox): 'tcbbreakable.code.tex' version '6.4.1'
(/Users/robertoalvarez/Library/TinyTeX/texmf-dist/tex/latex/pdfcol/pdfcol.sty
Package: pdfcol 2022-09-21 v1.7 Handle new color stacks for pdfTeX (HO)
(/Users/robertoalvarez/Library/TinyTeX/texmf-dist/tex/generic/ltxcmds/ltxcmds.sty
Package: ltxcmds 2023-12-04 v1.26 LaTeX kernel commands for general use (HO)
) (/Users/robertoalvarez/Library/TinyTeX/texmf-dist/tex/generic/infwarerr/infwarerr.sty
Package: infwarerr 2019/12/03 v1.5 Providing info/warning/error messages (HO)
))
Package pdfcol Info: New color stack `tcb@breakable' = 1 on input line 23.
\tcb@testbox=\box89
\tcb@totalupperbox=\box90
\tcb@totallowerbox=\box91
(/Users/robertoalvarez/Library/TinyTeX/texmf-dist/tex/generic/iftex/ifluatex.sty
Package: ifluatex 2019/10/25 v1.5 ifluatex legacy package. Use iftex instead.
))) (/Users/robertoalvarez/Library/TinyTeX/texmf-dist/tex/latex/fontawesome5/fontawesome5.sty
Package: fontawesome5 2022/05/02 v5.15.4 Font Awesome 5
(/Users/robertoalvarez/Library/TinyTeX/texmf-dist/tex/latex/fontawesome5/fontawesome5-utex-helper.sty
Package: fontawesome5-utex-helper 2022/05/02 v5.15.4 uTeX helper for fontawesome5
(/Users/robertoalvarez/Library/TinyTeX/texmf-dist/tex/luatex/luatexbase/luatexbase.sty
Package: luatexbase 2015/10/04 v1.3 luatexbase interface to LuaTeX 
(/Users/robertoalvarez/Library/TinyTeX/texmf-dist/tex/luatex/ctablestack/ctablestack.sty
Package: ctablestack 2015/10/01 v1.0 Catcode table stable support
\@catcodetablestackcnt=\count339
)
\CatcodeTableOther=\catcodetable14
\CatcodeTableExpl=\catcodetable15
)
LaTeX Font Info:    Trying to load font information for TU+fontawesomefree on input line 69.
(/Users/robertoalvarez/Library/TinyTeX/texmf-dist/tex/latex/fontawesome5/tufontawesomefree.fd)
LaTeX Font Info:    Trying to load font information for TU+fontawesomebrands on input line 70.
(/Users/robertoalvarez/Library/TinyTeX/texmf-dist/tex/latex/fontawesome5/tufontawesomebrands.fd))) (/Users/robertoalvarez/Library/TinyTeX/texmf-dist/tex/latex/bookmark/bookmark.sty
Package: bookmark 2023-12-10 v1.31 PDF bookmarks (HO)
(/Users/robertoalvarez/Library/TinyTeX/texmf-dist/tex/latex/hyperref/hyperref.sty
Package: hyperref 2024-11-05 v7.01l Hypertext links for LaTeX
(/Users/robertoalvarez/Library/TinyTeX/texmf-dist/tex/latex/kvsetkeys/kvsetkeys.sty
Package: kvsetkeys 2022-10-05 v1.19 Key value parser (HO)
) (/Users/robertoalvarez/Library/TinyTeX/texmf-dist/tex/generic/kvdefinekeys/kvdefinekeys.sty
Package: kvdefinekeys 2019-12-19 v1.6 Define keys (HO)
) (/Users/robertoalvarez/Library/TinyTeX/texmf-dist/tex/generic/pdfescape/pdfescape.sty
Package: pdfescape 2019/12/09 v1.15 Implements pdfTeX's escape features (HO)
(/Users/robertoalvarez/Library/TinyTeX/texmf-dist/tex/generic/pdftexcmds/pdftexcmds.sty
Package: pdftexcmds 2020-06-27 v0.33 Utility functions of pdfTeX for LuaTeX (HO)
Package pdftexcmds Info: \pdf@primitive is available.
Package pdftexcmds Info: \pdf@ifprimitive is available.
Package pdftexcmds Info: \pdfdraftmode found.
\pdftexcmds@toks=\toks41
)) (/Users/robertoalvarez/Library/TinyTeX/texmf-dist/tex/latex/hycolor/hycolor.sty
Package: hycolor 2020-01-27 v1.10 Color options for hyperref/bookmark (HO)
) (/Users/robertoalvarez/Library/TinyTeX/texmf-dist/tex/latex/hyperref/nameref.sty
Package: nameref 2023-11-26 v2.56 Cross-referencing by name of section
(/Users/robertoalvarez/Library/TinyTeX/texmf-dist/tex/latex/refcount/refcount.sty
Package: refcount 2019/12/15 v3.6 Data extraction from label references (HO)
) (/Users/robertoalvarez/Library/TinyTeX/texmf-dist/tex/generic/gettitlestring/gettitlestring.sty
Package: gettitlestring 2019/12/15 v1.6 Cleanup title references (HO)
(/Users/robertoalvarez/Library/TinyTeX/texmf-dist/tex/latex/kvoptions/kvoptions.sty
Package: kvoptions 2022-06-15 v3.15 Key value format for package options (HO)
))
\c@section@level=\count340
) (/Users/robertoalvarez/Library/TinyTeX/texmf-dist/tex/generic/stringenc/stringenc.sty
Package: stringenc 2019/11/29 v1.12 Convert strings between diff. encodings (HO)
)
\@linkdim=\dimen286
\Hy@linkcounter=\count341
\Hy@pagecounter=\count342
(/Users/robertoalvarez/Library/TinyTeX/texmf-dist/tex/latex/hyperref/pd1enc.def
File: pd1enc.def 2024-11-05 v7.01l Hyperref: PDFDocEncoding definition (HO)
) (/Users/robertoalvarez/Library/TinyTeX/texmf-dist/tex/generic/intcalc/intcalc.sty
Package: intcalc 2019/12/15 v1.3 Expandable calculations with integers (HO)
)
\Hy@SavedSpaceFactor=\count343
(/Users/robertoalvarez/Library/TinyTeX/texmf-dist/tex/latex/hyperref/puenc.def
File: puenc.def 2024-11-05 v7.01l Hyperref: PDF Unicode definition (HO)
)
Package hyperref Info: Option `unicode' set `true' on input line 4040.
Package hyperref Info: Hyper figures OFF on input line 4157.
Package hyperref Info: Link nesting OFF on input line 4162.
Package hyperref Info: Hyper index ON on input line 4165.
Package hyperref Info: Plain pages OFF on input line 4172.
Package hyperref Info: Backreferencing OFF on input line 4177.
Package hyperref Info: Implicit mode ON; LaTeX internals redefined.
Package hyperref Info: Bookmarks ON on input line 4424.
\c@Hy@tempcnt=\count344
(/Users/robertoalvarez/Library/TinyTeX/texmf-dist/tex/latex/url/url.sty
\Urlmuskip=\muskip19
Package: url 2013/09/16  ver 3.4  Verb mode for urls, etc.
)
LaTeX Info: Redefining \url on input line 4763.
\XeTeXLinkMargin=\dimen287
(/Users/robertoalvarez/Library/TinyTeX/texmf-dist/tex/generic/bitset/bitset.sty
Package: bitset 2019/12/09 v1.3 Handle bit-vector datatype (HO)
(/Users/robertoalvarez/Library/TinyTeX/texmf-dist/tex/generic/bigintcalc/bigintcalc.sty
Package: bigintcalc 2019/12/15 v1.5 Expandable calculations on big integers (HO)
))
\Fld@menulength=\count345
\Field@Width=\dimen288
\Fld@charsize=\dimen289
Package hyperref Info: Hyper figures OFF on input line 6042.
Package hyperref Info: Link nesting OFF on input line 6047.
Package hyperref Info: Hyper index ON on input line 6050.
Package hyperref Info: backreferencing OFF on input line 6057.
Package hyperref Info: Link coloring OFF on input line 6062.
Package hyperref Info: Link coloring with OCG OFF on input line 6067.
Package hyperref Info: PDF/A mode OFF on input line 6072.
(/Users/robertoalvarez/Library/TinyTeX/texmf-dist/tex/latex/base/atbegshi-ltx.sty
Package: atbegshi-ltx 2021/01/10 v1.0c Emulation of the original atbegshi
package with kernel methods
)
\Hy@abspage=\count346
\c@Item=\count347
\c@Hfootnote=\count348
)
Package hyperref Info: Driver (autodetected): hluatex.
(/Users/robertoalvarez/Library/TinyTeX/texmf-dist/tex/latex/hyperref/hluatex.def
File: hluatex.def 2024-11-05 v7.01l Hyperref driver for luaTeX
(/Users/robertoalvarez/Library/TinyTeX/texmf-dist/tex/latex/base/atveryend-ltx.sty
Package: atveryend-ltx 2020/08/19 v1.0a Emulation of the original atveryend package
with kernel methods
)
\Fld@listcount=\count349
\c@bookmark@seq@number=\count350
(/Users/robertoalvarez/Library/TinyTeX/texmf-dist/tex/latex/rerunfilecheck/rerunfilecheck.sty
Package: rerunfilecheck 2022-07-10 v1.10 Rerun checks for auxiliary files (HO)
(/Users/robertoalvarez/Library/TinyTeX/texmf-dist/tex/generic/uniquecounter/uniquecounter.sty
Package: uniquecounter 2019/12/15 v1.4 Provide unlimited unique counter (HO)
)
Package uniquecounter Info: New unique counter `rerunfilecheck' on input line 285.
)
\Hy@SectionHShift=\skip82
) (/Users/robertoalvarez/Library/TinyTeX/texmf-dist/tex/latex/bookmark/bkm-pdftex.def
File: bkm-pdftex.def 2023-12-10 v1.31 bookmark driver for pdfTeX and luaTeX (HO)
\BKM@id=\count351
)) (/Users/robertoalvarez/Library/TinyTeX/texmf-dist/tex/latex/caption/caption.sty
Package: caption 2023/08/05 v3.6o Customizing captions (AR)
(/Users/robertoalvarez/Library/TinyTeX/texmf-dist/tex/latex/caption/caption3.sty
Package: caption3 2023/07/31 v2.4d caption3 kernel (AR)
\caption@tempdima=\dimen290
\captionmargin=\dimen291
\caption@leftmargin=\dimen292
\caption@rightmargin=\dimen293
\caption@width=\dimen294
\caption@indent=\dimen295
\caption@parindent=\dimen296
\caption@hangindent=\dimen297
Package caption Info: KOMA-Script document class detected.
(/Users/robertoalvarez/Library/TinyTeX/texmf-dist/tex/latex/caption/caption-koma.sto
File: caption-koma.sto 2023/09/08 v2.0e Adaption of the caption package to the KOMA-Script document classes (AR)
))
\c@caption@flags=\count352
\c@continuedfloat=\count353
Package caption Info: hyperref package is loaded.
Package caption Info: longtable package is loaded.
(/Users/robertoalvarez/Library/TinyTeX/texmf-dist/tex/latex/caption/ltcaption.sty
Package: ltcaption 2021/01/08 v1.4c longtable captions (AR)
)
Package caption Info: KOMA-Script scrextend package detected.
\caption@addmargin@hsize=\dimen298
\caption@addmargin@linewidth=\dimen299
) (/Users/robertoalvarez/Library/TinyTeX/texmf-dist/tex/latex/float/float.sty
Package: float 2001/11/08 v1.3d Float enhancements (AL)
\c@float@type=\count354
\float@exts=\toks42
\float@box=\box92
\@float@everytoks=\toks43
\@floatcapt=\box93
)
\@float@every@codelisting=\toks44
\c@codelisting=\count355
(/Users/robertoalvarez/Library/TinyTeX/texmf-dist/tex/latex/caption/subcaption.sty
Package: subcaption 2023/07/28 v1.6b Sub-captions (AR)
Package caption Info: New subtype `subfigure' on input line 238.
\c@subfigure=\count356
Package caption Info: New subtype `subtable' on input line 238.
\c@subtable=\count357
)
Package hyperref Info: Option `colorlinks' set `true' on input line 266.
No file index.aux.

\openout1 = index.aux
LaTeX Font Info:    Checking defaults for OML/cmm/m/it on input line 279.
LaTeX Font Info:    ... okay on input line 279.
LaTeX Font Info:    Checking defaults for OMS/cmsy/m/n on input line 279.
LaTeX Font Info:    ... okay on input line 279.
LaTeX Font Info:    Checking defaults for OT1/cmr/m/n on input line 279.
LaTeX Font Info:    ... okay on input line 279.
LaTeX Font Info:    Checking defaults for T1/cmr/m/n on input line 279.
LaTeX Font Info:    ... okay on input line 279.
LaTeX Font Info:    Checking defaults for TS1/cmr/m/n on input line 279.
LaTeX Font Info:    ... okay on input line 279.
LaTeX Font Info:    Checking defaults for TU/lmr/m/n on input line 279.
LaTeX Font Info:    ... okay on input line 279.
LaTeX Font Info:    Checking defaults for OMX/cmex/m/n on input line 279.
LaTeX Font Info:    ... okay on input line 279.
LaTeX Font Info:    Checking defaults for U/cmr/m/n on input line 279.
LaTeX Font Info:    ... okay on input line 279.
LaTeX Font Info:    Checking defaults for PD1/pdf/m/n on input line 279.
LaTeX Font Info:    ... okay on input line 279.
LaTeX Font Info:    Checking defaults for PU/pdf/m/n on input line 279.
LaTeX Font Info:    ... okay on input line 279.
Package scrbase Info: activating english \abstractname on input line 279.
Package scrbase Info: activating english \partname on input line 279.
Package scrbase Info: activating english \chaptername on input line 279.
Package scrbase Info: activating english \appendixname on input line 279.
Package scrbase Info: activating english \figurename on input line 279.
Package scrbase Info: activating english \tablename on input line 279.
Package scrbase Info: activating english \contentsname on input line 279.
Package scrbase Info: activating english \listfigurename on input line 279.
Package scrbase Info: activating english \listtablename on input line 279.
Package scrbase Info: activating english \bibname on input line 279.
Package scrbase Info: activating english \indexname on input line 279.
(/Users/robertoalvarez/Library/TinyTeX/texmf-dist/tex/latex/epstopdf-pkg/epstopdf-base.sty
Package: epstopdf-base 2020-01-24 v2.11 Base part for package epstopdf
Package epstopdf-base Info: Redefining graphics rule for `.eps' on input line 485.
(/Users/robertoalvarez/Library/TinyTeX/texmf-dist/tex/latex/latexconfig/epstopdf-sys.cfg
File: epstopdf-sys.cfg 2010/07/13 v1.3 Configuration of (r)epstopdf for TeX Live
))
LaTeX Font Info:    Overwriting math alphabet `\mathrm' in version `normal'
(Font)                  OT1/lmr/m/n --> TU/lmr/m/n on input line 279.
LaTeX Font Info:    Overwriting math alphabet `\mathit' in version `normal'
(Font)                  OT1/lmr/m/it --> TU/lmr/m/it on input line 279.
LaTeX Font Info:    Overwriting math alphabet `\mathbf' in version `normal'
(Font)                  OT1/lmr/bx/n --> TU/lmr/bx/n on input line 279.
LaTeX Font Info:    Overwriting math alphabet `\mathsf' in version `normal'
(Font)                  OT1/lmss/m/n --> TU/lmss/m/n on input line 279.
LaTeX Font Info:    Overwriting math alphabet `\mathsf' in version `bold'
(Font)                  OT1/lmss/bx/n --> TU/lmss/bx/n on input line 279.
LaTeX Font Info:    Overwriting math alphabet `\mathtt' in version `normal'
(Font)                  OT1/lmtt/m/n --> TU/lmtt/m/n on input line 279.
LaTeX Font Info:    Overwriting math alphabet `\mathtt' in version `bold'
(Font)                  OT1/lmtt/m/n --> TU/lmtt/bx/n on input line 279.

Package fontspec Info: 
(fontspec)             latinmodern-math scale = 0.9999967668407183.


Package fontspec Info: 
(fontspec)             latinmodern-math scale = 0.9999967668407183.


Package fontspec Info: 
(fontspec)             latinmodern-math scale = 0.9999967668407183.


Package fontspec Info: 
(fontspec)             Font family 'latinmodern-math.otf(0)' created for font
(fontspec)             'latinmodern-math.otf' with options
(fontspec)             [Scale=MatchLowercase,Renderer=Basic,BoldItalicFont={},ItalicFont={},SmallCapsFont={},Script=Math,RawFeature={mathfontdimen=xetex},BoldFont={latinmodern-math.otf}].
(fontspec)              
(fontspec)              This font family consists of the following NFSS
(fontspec)             series/shapes:
(fontspec)              
(fontspec)             - 'normal' (m/n) with NFSS spec.:
(fontspec)             <->s*[0.9999967668407183]"[latinmodern-math.otf]:mode=base;script=math;language=dflt;mathfontdimen=xetex;"
(fontspec)             - 'bold' (b/n) with NFSS spec.:
(fontspec)             <->s*[0.9999967668407183]"[latinmodern-math.otf]:mode=base;script=math;language=dflt;mathfontdimen=xetex;"

LaTeX Font Info:    Font shape `TU/latinmodern-math.otf(0)/m/n' will be
(Font)              scaled to size 10.95pt on input line 279.

Package fontspec Info: 
(fontspec)             latinmodern-math scale = 0.9999967668407183.


Package fontspec Info: 
(fontspec)             latinmodern-math scale = 0.9999967668407183.


Package fontspec Info: 
(fontspec)             latinmodern-math scale = 0.9999967668407183.


Package fontspec Info: 
(fontspec)             latinmodern-math scale = 0.9999967668407183.


Package fontspec Info: 
(fontspec)             latinmodern-math scale = 0.9999967668407183.


Package fontspec Info: 
(fontspec)             Font family 'latinmodern-math.otf(1)' created for font
(fontspec)             'latinmodern-math.otf' with options
(fontspec)             [Scale=MatchLowercase,Renderer=Basic,BoldItalicFont={},ItalicFont={},SmallCapsFont={},Script=Math,SizeFeatures={{Size=9.3075-},{Size=6.57-9.3075,Font=latinmodern-math.otf,Style=MathScript},{Size=-6.57,Font=latinmodern-math.otf,Style=MathScriptScript}},RawFeature={mathfontdimen=xetex},BoldFont={latinmodern-math.otf}].
(fontspec)              
(fontspec)              This font family consists of the following NFSS
(fontspec)             series/shapes:
(fontspec)              
(fontspec)             - 'normal' (m/n) with NFSS spec.:
(fontspec)             <9.3075->s*[0.9999967668407183]"[latinmodern-math.otf]:mode=base;script=math;language=dflt;mathfontdimen=xetex;"<6.57-9.3075>s*[0.9999967668407183]"[latinmodern-math.otf]:mode=base;script=math;language=dflt;mathfontdimen=xetex;+ssty=0;"<-6.57>s*[0.9999967668407183]"[latinmodern-math.otf]:mode=base;script=math;language=dflt;mathfontdimen=xetex;+ssty=1;"
(fontspec)             - 'bold' (b/n) with NFSS spec.:
(fontspec)             <->s*[0.9999967668407183]"[latinmodern-math.otf]:mode=base;script=math;language=dflt;mathfontdimen=xetex;"

LaTeX Font Info:    Font shape `TU/latinmodern-math.otf(1)/m/n' will be
(Font)              scaled to size 10.95pt on input line 279.
LaTeX Font Info:    Encoding `OT1' has changed to `TU' for symbol font
(Font)              `operators' in the math version `normal' on input line 279.
LaTeX Font Info:    Overwriting symbol font `operators' in version `normal'
(Font)                  OT1/lmr/m/n --> TU/latinmodern-math.otf(1)/m/n on input line 279.
LaTeX Font Info:    Encoding `OT1' has changed to `TU' for symbol font
(Font)              `operators' in the math version `bold' on input line 279.
LaTeX Font Info:    Overwriting symbol font `operators' in version `bold'
(Font)                  OT1/lmr/bx/n --> TU/latinmodern-math.otf(1)/b/n on input line 279.

Package fontspec Info: 
(fontspec)             latinmodern-math scale = 0.9999967668407183.


Package fontspec Info: 
(fontspec)             latinmodern-math scale = 0.9999967668407183.


Package fontspec Info: 
(fontspec)             latinmodern-math scale = 0.9999967668407183.


Package fontspec Info: 
(fontspec)             latinmodern-math scale = 0.9999967668407183.


Package fontspec Info: 
(fontspec)             latinmodern-math scale = 0.9999967668407183.


Package fontspec Info: 
(fontspec)             Font family 'latinmodern-math.otf(2)' created for font
(fontspec)             'latinmodern-math.otf' with options
(fontspec)             [Scale=MatchLowercase,Renderer=Basic,BoldItalicFont={},ItalicFont={},SmallCapsFont={},Script=Math,SizeFeatures={{Size=9.3075-},{Size=6.57-9.3075,Font=latinmodern-math.otf,Style=MathScript},{Size=-6.57,Font=latinmodern-math.otf,Style=MathScriptScript}},RawFeature={mathfontdimen=xetex},BoldFont={latinmodern-math.otf},RawFeature={mathfontdimen=tex2}].
(fontspec)              
(fontspec)              This font family consists of the following NFSS
(fontspec)             series/shapes:
(fontspec)              
(fontspec)             - 'normal' (m/n) with NFSS spec.:
(fontspec)             <9.3075->s*[0.9999967668407183]"[latinmodern-math.otf]:mode=base;script=math;language=dflt;mathfontdimen=xetex;mathfontdimen=tex2;"<6.57-9.3075>s*[0.9999967668407183]"[latinmodern-math.otf]:mode=base;script=math;language=dflt;mathfontdimen=xetex;mathfontdimen=tex2;+ssty=0;"<-6.57>s*[0.9999967668407183]"[latinmodern-math.otf]:mode=base;script=math;language=dflt;mathfontdimen=xetex;mathfontdimen=tex2;+ssty=1;"
(fontspec)             - 'bold' (b/n) with NFSS spec.:
(fontspec)             <->s*[0.9999967668407183]"[latinmodern-math.otf]:mode=base;script=math;language=dflt;mathfontdimen=xetex;mathfontdimen=tex2;"

LaTeX Font Info:    Encoding `OMS' has changed to `TU' for symbol font
(Font)              `symbols' in the math version `normal' on input line 279.
LaTeX Font Info:    Overwriting symbol font `symbols' in version `normal'
(Font)                  OMS/lmsy/m/n --> TU/latinmodern-math.otf(2)/m/n on input line 279.
LaTeX Font Info:    Encoding `OMS' has changed to `TU' for symbol font
(Font)              `symbols' in the math version `bold' on input line 279.
LaTeX Font Info:    Overwriting symbol font `symbols' in version `bold'
(Font)                  OMS/lmsy/b/n --> TU/latinmodern-math.otf(2)/b/n on input line 279.

Package fontspec Info: 
(fontspec)             latinmodern-math scale = 0.9999967668407183.


Package fontspec Info: 
(fontspec)             latinmodern-math scale = 0.9999967668407183.


Package fontspec Info: 
(fontspec)             latinmodern-math scale = 0.9999967668407183.


Package fontspec Info: 
(fontspec)             latinmodern-math scale = 0.9999967668407183.


Package fontspec Info: 
(fontspec)             latinmodern-math scale = 0.9999967668407183.


Package fontspec Info: 
(fontspec)             Font family 'latinmodern-math.otf(3)' created for font
(fontspec)             'latinmodern-math.otf' with options
(fontspec)             [Scale=MatchLowercase,Renderer=Basic,BoldItalicFont={},ItalicFont={},SmallCapsFont={},Script=Math,SizeFeatures={{Size=9.3075-},{Size=6.57-9.3075,Font=latinmodern-math.otf,Style=MathScript},{Size=-6.57,Font=latinmodern-math.otf,Style=MathScriptScript}},RawFeature={mathfontdimen=xetex},BoldFont={latinmodern-math.otf},RawFeature={mathfontdimen=tex3}].
(fontspec)              
(fontspec)              This font family consists of the following NFSS
(fontspec)             series/shapes:
(fontspec)              
(fontspec)             - 'normal' (m/n) with NFSS spec.:
(fontspec)             <9.3075->s*[0.9999967668407183]"[latinmodern-math.otf]:mode=base;script=math;language=dflt;mathfontdimen=xetex;mathfontdimen=tex3;"<6.57-9.3075>s*[0.9999967668407183]"[latinmodern-math.otf]:mode=base;script=math;language=dflt;mathfontdimen=xetex;mathfontdimen=tex3;+ssty=0;"<-6.57>s*[0.9999967668407183]"[latinmodern-math.otf]:mode=base;script=math;language=dflt;mathfontdimen=xetex;mathfontdimen=tex3;+ssty=1;"
(fontspec)             - 'bold' (b/n) with NFSS spec.:
(fontspec)             <->s*[0.9999967668407183]"[latinmodern-math.otf]:mode=base;script=math;language=dflt;mathfontdimen=xetex;mathfontdimen=tex3;"

LaTeX Font Info:    Encoding `OMX' has changed to `TU' for symbol font
(Font)              `largesymbols' in the math version `normal' on input line 279.
LaTeX Font Info:    Overwriting symbol font `largesymbols' in version `normal'
(Font)                  OMX/lmex/m/n --> TU/latinmodern-math.otf(3)/m/n on input line 279.
LaTeX Font Info:    Encoding `OMX' has changed to `TU' for symbol font
(Font)              `largesymbols' in the math version `bold' on input line 279.
LaTeX Font Info:    Overwriting symbol font `largesymbols' in version `bold'
(Font)                  OMX/lmex/m/n --> TU/latinmodern-math.otf(3)/b/n on input line 279.
LaTeX Font Info:    Font shape `TU/latinmodern-math.otf(1)/m/n' will be
(Font)              scaled to size 7.665pt on input line 279.
LaTeX Font Info:    Font shape `TU/latinmodern-math.otf(1)/m/n' will be
(Font)              scaled to size 5.475pt on input line 279.
LaTeX Font Info:    Trying to load font information for OML+lmm on input line 279.
(/Users/robertoalvarez/Library/TinyTeX/texmf-dist/tex/latex/lm/omllmm.fd
File: omllmm.fd 2015/05/01 v1.6.1 Font defs for Latin Modern
)
LaTeX Font Info:    Font shape `TU/latinmodern-math.otf(2)/m/n' will be
(Font)              scaled to size 10.95pt on input line 279.
LaTeX Font Info:    Font shape `TU/latinmodern-math.otf(2)/m/n' will be
(Font)              scaled to size 7.665pt on input line 279.
LaTeX Font Info:    Font shape `TU/latinmodern-math.otf(2)/m/n' will be
(Font)              scaled to size 5.475pt on input line 279.
LaTeX Font Info:    Font shape `TU/latinmodern-math.otf(3)/m/n' will be
(Font)              scaled to size 10.95pt on input line 279.
LaTeX Font Info:    Font shape `TU/latinmodern-math.otf(3)/m/n' will be
(Font)              scaled to size 7.665pt on input line 279.
LaTeX Font Info:    Font shape `TU/latinmodern-math.otf(3)/m/n' will be
(Font)              scaled to size 5.475pt on input line 279.
LaTeX Font Info:    Trying to load font information for U+msa on input line 279.
(/Users/robertoalvarez/Library/TinyTeX/texmf-dist/tex/latex/amsfonts/umsa.fd
File: umsa.fd 2013/01/14 v3.01 AMS symbols A
)
LaTeX Font Info:    Trying to load font information for U+msb on input line 279.
(/Users/robertoalvarez/Library/TinyTeX/texmf-dist/tex/latex/amsfonts/umsb.fd
File: umsb.fd 2013/01/14 v3.01 AMS symbols B
)
LaTeX Info: Redefining \microtypecontext on input line 279.
Package microtype Info: Applying patch `item' on input line 279.
Package microtype Info: Applying patch `toc' on input line 279.
Package microtype Info: Applying patch `eqnum' on input line 279.
Package microtype Info: Applying patch `footnote' on input line 279.
Package microtype Info: Applying patch `verbatim' on input line 279.
Package microtype Info: Generating PDF output.
Package microtype Info: Character protrusion enabled (level 2).
Package microtype Info: Using protrusion set `basicmath'.
Package microtype Info: Automatic font expansion enabled (level 2),
(microtype)             stretch: 20, shrink: 20, step: 1, non-selected.
Package microtype Info: Using default expansion set `alltext-nott'.
LaTeX Info: Redefining \showhyphens on input line 279.
Package microtype Info: No adjustment of tracking.
Package microtype Info: No adjustment of spacing.
Package microtype Info: No adjustment of kerning.
(/Users/robertoalvarez/Library/TinyTeX/texmf-dist/tex/latex/microtype/mt-LatinModernRoman.cfg
File: mt-LatinModernRoman.cfg 2021/02/21 v1.1 microtype config. file: Latin Modern Roman (RS)
)
Package hyperref Info: Link coloring ON on input line 279.
Package caption Info: Begin \AtBeginDocument code.
Package caption Info: float package is loaded.
Package caption Info: End \AtBeginDocument code.
Package microtype Info: Loading generic protrusion settings for font family
(microtype)             `lmss' (encoding: TU).
(microtype)             For optimal results, create family-specific settings.
(microtype)             See the microtype manual for details.
LaTeX Font Info:    Font shape `TU/latinmodern-math.otf(1)/m/n' will be
(Font)              scaled to size 14.4pt on input line 281.
LaTeX Font Info:    Font shape `TU/latinmodern-math.otf(1)/m/n' will be
(Font)              scaled to size 10.0pt on input line 281.
LaTeX Font Info:    Font shape `TU/latinmodern-math.otf(1)/m/n' will be
(Font)              scaled to size 7.0pt on input line 281.
LaTeX Font Info:    Font shape `TU/latinmodern-math.otf(2)/m/n' will be
(Font)              scaled to size 14.4pt on input line 281.
LaTeX Font Info:    Font shape `TU/latinmodern-math.otf(2)/m/n' will be
(Font)              scaled to size 10.0pt on input line 281.
LaTeX Font Info:    Font shape `TU/latinmodern-math.otf(2)/m/n' will be
(Font)              scaled to size 7.0pt on input line 281.
LaTeX Font Info:    Font shape `TU/latinmodern-math.otf(3)/m/n' will be
(Font)              scaled to size 14.4pt on input line 281.
LaTeX Font Info:    Font shape `TU/latinmodern-math.otf(3)/m/n' will be
(Font)              scaled to size 10.0pt on input line 281.
LaTeX Font Info:    Font shape `TU/latinmodern-math.otf(3)/m/n' will be
(Font)              scaled to size 7.0pt on input line 281.
(/Users/robertoalvarez/Library/TinyTeX/texmf-dist/tex/latex/microtype/mt-msa.cfg
File: mt-msa.cfg 2006/02/04 v1.1 microtype config. file: AMS symbols (a) (RS)
) (/Users/robertoalvarez/Library/TinyTeX/texmf-dist/tex/latex/microtype/mt-msb.cfg
File: mt-msb.cfg 2005/06/01 v1.0 microtype config. file: AMS symbols (b) (RS)
)

[1



{/Users/robertoalvarez/Library/TinyTeX/texmf-var/fonts/map/pdftex/updmap/pdftex.map}]
Package tocbasic Info: character protrusion at toc deactivated on input line 286.
No file index.toc.
\tf@toc=\write5

\openout5 = index.toc


[2

] (/Users/robertoalvarez/Library/TinyTeX/texmf-dist/tex/latex/microtype/mt-TU-empty.cfg
File: mt-TU-empty.cfg 2021/06/22 v1.1 microtype config. file: fonts with nonstandard glyph set (RS)
)

[3

Missing character: There is no 🎯 (U+1F3AF) in font [lmroman10-regular]:+tlig;!
]
LaTeX Font Info:    Font shape `TU/lmtt/bx/n' in size <10.95> not available
(Font)              Font shape `TU/lmtt/b/n' tried instead on input line 426.


[4
Missing character: There is no 🔑 (U+1F511) in font [lmroman10-regular]:+tlig;!
Missing character: There is no ≥ (U+2265) in font [lmroman10-regular]:+tlig;!
]

[5
Missing character: There is no 💡 (U+1F4A1) in font [lmroman10-regular]:+tlig;!
Missing character: There is no ⚠ (U+26A0) in font [lmroman10-regular]:+tlig;!
Missing character: There is no 💡 (U+1F4A1) in font [lmroman10-regular]:+tlig;!
]
chapter 1.


[6

Missing character: There is no 🎯 (U+1F3AF) in font [lmroman10-regular]:+tlig;!
Missing character: There is no 🕸 (U+1F578) in font [lmmono10-regular]:!
Missing character: There is no 🔧 (U+1F527) in font [lmmono10-regular]:!
Missing character: There is no 📈 (U+1F4C8) in font [lmmono10-regular]:!
Missing character: There is no 🔢 (U+1F522) in font [lmmono10-regular]:!
]
<01-fundamentos-igraph_files/figure-latex/mermaid-figure-1.png, id=65, 2971.1pt x 867.24pt>
File: 01-fundamentos-igraph_files/figure-latex/mermaid-figure-1.png Graphic file (type png)
<use 01-fundamentos-igraph_files/figure-latex/mermaid-figure-1.png>
Package luatex.def Info: 01-fundamentos-igraph_files/figure-latex/mermaid-figure-1.png  used on input line 566.
(luatex.def)             Requested size: 1180.89331pt x 345.44746pt.

Overfull \hbox (734.13327pt too wide) in paragraph at lines 566--567
 [][] 
 []



[7
Missing character: There is no ⭐ (U+2B50) in font [lmmono10-regular]:!
]

[8
Missing character: There is no 📦 (U+1F4E6) in font [lmroman10-regular]:+tlig;!
<./01-fundamentos-igraph_files/figure-latex/mermaid-figure-1.png>]
<01-fundamentos-igraph_files/figure-pdf/crear-grafo-vacio-1.pdf, id=76, 414.54875pt x 286.06876pt>
File: 01-fundamentos-igraph_files/figure-pdf/crear-grafo-vacio-1.pdf Graphic file (type pdf)
<use 01-fundamentos-igraph_files/figure-pdf/crear-grafo-vacio-1.pdf>
Package luatex.def Info: 01-fundamentos-igraph_files/figure-pdf/crear-grafo-vacio-1.pdf  used on input line 627.
(luatex.def)             Requested size: 414.54773pt x 286.06805pt.


[9
Missing character: There is no 💡 (U+1F4A1) in font [lmroman10-regular]:+tlig;!
]
<01-fundamentos-igraph_files/figure-pdf/agregar-conexiones-1.pdf, id=83, 414.54875pt x 464.73625pt>
File: 01-fundamentos-igraph_files/figure-pdf/agregar-conexiones-1.pdf Graphic file (type pdf)
<use 01-fundamentos-igraph_files/figure-pdf/agregar-conexiones-1.pdf>
Package luatex.def Info: 01-fundamentos-igraph_files/figure-pdf/agregar-conexiones-1.pdf  used on input line 654.
(luatex.def)             Requested size: 414.54773pt x 464.7351pt.


[10<./01-fundamentos-igraph_files/figure-pdf/crear-grafo-vacio-1.pdf>]

[11<./01-fundamentos-igraph_files/figure-pdf/agregar-conexiones-1.pdf>]
<01-fundamentos-igraph_files/figure-pdf/agregar-nodo-1.pdf, id=110, 414.54875pt x 464.73625pt>
File: 01-fundamentos-igraph_files/figure-pdf/agregar-nodo-1.pdf Graphic file (type pdf)
<use 01-fundamentos-igraph_files/figure-pdf/agregar-nodo-1.pdf>
Package luatex.def Info: 01-fundamentos-igraph_files/figure-pdf/agregar-nodo-1.pdf  used on input line 682.
(luatex.def)             Requested size: 414.54773pt x 464.7351pt.


[12]

[13<./01-fundamentos-igraph_files/figure-pdf/agregar-nodo-1.pdf>]
<01-fundamentos-igraph_files/figure-pdf/renombrar-nodos-1.pdf, id=128, 414.54875pt x 464.73625pt>
File: 01-fundamentos-igraph_files/figure-pdf/renombrar-nodos-1.pdf Graphic file (type pdf)
<use 01-fundamentos-igraph_files/figure-pdf/renombrar-nodos-1.pdf>
Package luatex.def Info: 01-fundamentos-igraph_files/figure-pdf/renombrar-nodos-1.pdf  used on input line 706.
(luatex.def)             Requested size: 414.54773pt x 464.7351pt.


[14]

[15<./01-fundamentos-igraph_files/figure-pdf/renombrar-nodos-1.pdf>]
<01-fundamentos-igraph_files/figure-pdf/modificar-conexiones-1.pdf, id=147, 414.54875pt x 465.74pt>
File: 01-fundamentos-igraph_files/figure-pdf/modificar-conexiones-1.pdf Graphic file (type pdf)
<use 01-fundamentos-igraph_files/figure-pdf/modificar-conexiones-1.pdf>
Package luatex.def Info: 01-fundamentos-igraph_files/figure-pdf/modificar-conexiones-1.pdf  used on input line 732.
(luatex.def)             Requested size: 414.54773pt x 465.73886pt.


[16]

[17
Missing character: There is no ⚠ (U+26A0) in font [lmroman10-regular]:+tlig;!
<./01-fundamentos-igraph_files/figure-pdf/modificar-conexiones-1.pdf>]
LaTeX Font Info:    Font shape `TU/lmss/bx/it' in size <14.4> not available
(Font)              Font shape `TU/lmss/bx/sl' tried instead on input line 751.


[18]
<01-fundamentos-igraph_files/figure-pdf/fig-tamano-grado (degree)-1.pdf, id=174, 405.515pt x 462.72874pt>
File: 01-fundamentos-igraph_files/figure-pdf/fig-tamano-grado (degree)-1.pdf Graphic file (type pdf)
<use 01-fundamentos-igraph_files/figure-pdf/fig-tamano-grado (degree)-1.pdf>
Package luatex.def Info: 01-fundamentos-igraph_files/figure-pdf/fig-tamano-grado (degree)-1.pdf  used on input line 813.
(luatex.def)             Requested size: 405.51399pt x 462.72762pt.

Underfull \hbox (badness 10000) in paragraph at lines 813--816
[][]\TU/lmr/m/n/10.95 {#fig-
 []



[19]
<01-fundamentos-igraph_files/figure-pdf/fig-histograma-grado (degree)-1.pdf, id=180, 882.29625pt x 538.01pt>
File: 01-fundamentos-igraph_files/figure-pdf/fig-histograma-grado (degree)-1.pdf Graphic file (type pdf)
<use 01-fundamentos-igraph_files/figure-pdf/fig-histograma-grado (degree)-1.pdf>
Package luatex.def Info: 01-fundamentos-igraph_files/figure-pdf/fig-histograma-grado (degree)-1.pdf  used on input line 828.
(luatex.def)             Requested size: 882.2941pt x 538.00868pt.

Overfull \hbox (27.39305pt too wide) in paragraph at lines 828--831
[][]\TU/lmr/m/n/10.95 {#fig-
 []



[20<./01-fundamentos-igraph_files/figure-pdf/fig-tamano-grado (degree)-1.pdf>]

[21<./01-fundamentos-igraph_files/figure-pdf/fig-histograma-grado (degree)-1.pdf>]

Package longtable Warning: Column widths have changed
(longtable)                in table 1.1 on input line 870.

<01-fundamentos-igraph_files/figure-pdf/fig-heatmap-adj-1.pdf, id=207, 500.87125pt x 534.99875pt>
File: 01-fundamentos-igraph_files/figure-pdf/fig-heatmap-adj-1.pdf Graphic file (type pdf)
<use 01-fundamentos-igraph_files/figure-pdf/fig-heatmap-adj-1.pdf>
Package luatex.def Info: 01-fundamentos-igraph_files/figure-pdf/fig-heatmap-adj-1.pdf  used on input line 886.
(luatex.def)             Requested size: 500.87001pt x 534.99744pt.


[22]

[23<./01-fundamentos-igraph_files/figure-pdf/fig-heatmap-adj-1.pdf>]
<01-fundamentos-igraph_files/figure-pdf/fig-red-estrella-1.pdf, id=225, 414.54875pt x 464.73625pt>
File: 01-fundamentos-igraph_files/figure-pdf/fig-red-estrella-1.pdf Graphic file (type pdf)
<use 01-fundamentos-igraph_files/figure-pdf/fig-red-estrella-1.pdf>
Package luatex.def Info: 01-fundamentos-igraph_files/figure-pdf/fig-red-estrella-1.pdf  used on input line 924.
(luatex.def)             Requested size: 414.54773pt x 464.7351pt.


[24
Missing character: There is no 💡 (U+1F4A1) in font [lmroman10-regular]:+tlig;!
]

[25<./01-fundamentos-igraph_files/figure-pdf/fig-red-estrella-1.pdf>]
<01-fundamentos-igraph_files/figure-pdf/fig-red-anillo-1.pdf, id=244, 414.54875pt x 464.73625pt>
File: 01-fundamentos-igraph_files/figure-pdf/fig-red-anillo-1.pdf Graphic file (type pdf)
<use 01-fundamentos-igraph_files/figure-pdf/fig-red-anillo-1.pdf>
Package luatex.def Info: 01-fundamentos-igraph_files/figure-pdf/fig-red-anillo-1.pdf  used on input line 947.
(luatex.def)             Requested size: 414.54773pt x 464.7351pt.


[26]

[27<./01-fundamentos-igraph_files/figure-pdf/fig-red-anillo-1.pdf>]
<01-fundamentos-igraph_files/figure-pdf/fig-red-arbol-1.pdf, id=262, 414.54875pt x 467.7475pt>
File: 01-fundamentos-igraph_files/figure-pdf/fig-red-arbol-1.pdf Graphic file (type pdf)
<use 01-fundamentos-igraph_files/figure-pdf/fig-red-arbol-1.pdf>
Package luatex.def Info: 01-fundamentos-igraph_files/figure-pdf/fig-red-arbol-1.pdf  used on input line 971.
(luatex.def)             Requested size: 414.54773pt x 467.74634pt.


[28]
LaTeX Font Info:    Font shape `TU/lmss/bx/it' in size <12> not available
(Font)              Font shape `TU/lmss/bx/sl' tried instead on input line 980.


[29<./01-fundamentos-igraph_files/figure-pdf/fig-red-arbol-1.pdf>]
<01-fundamentos-igraph_files/figure-pdf/fig-red-lattice-1.pdf, id=280, 414.54875pt x 464.73625pt>
File: 01-fundamentos-igraph_files/figure-pdf/fig-red-lattice-1.pdf Graphic file (type pdf)
<use 01-fundamentos-igraph_files/figure-pdf/fig-red-lattice-1.pdf>
Package luatex.def Info: 01-fundamentos-igraph_files/figure-pdf/fig-red-lattice-1.pdf  used on input line 995.
(luatex.def)             Requested size: 414.54773pt x 464.7351pt.


[30]
<01-fundamentos-igraph_files/figure-pdf/fig-ej-resuelto-1-1.pdf, id=287, 414.54875pt x 464.73625pt>
File: 01-fundamentos-igraph_files/figure-pdf/fig-ej-resuelto-1-1.pdf Graphic file (type pdf)
<use 01-fundamentos-igraph_files/figure-pdf/fig-ej-resuelto-1-1.pdf>
Package luatex.def Info: 01-fundamentos-igraph_files/figure-pdf/fig-ej-resuelto-1-1.pdf  used on input line 1044.
(luatex.def)             Requested size: 414.54773pt x 464.7351pt.


[31<./01-fundamentos-igraph_files/figure-pdf/fig-red-lattice-1.pdf>]

[32
Missing character: There is no 📝 (U+1F4DD) in font [lmroman10-regular]:+tlig;!
]

[33<./01-fundamentos-igraph_files/figure-pdf/fig-ej-resuelto-1-1.pdf>]
<01-fundamentos-igraph_files/figure-pdf/fig-ej-resuelto-2-1.pdf, id=319, 435.6275pt x 464.73625pt>
File: 01-fundamentos-igraph_files/figure-pdf/fig-ej-resuelto-2-1.pdf Graphic file (type pdf)
<use 01-fundamentos-igraph_files/figure-pdf/fig-ej-resuelto-2-1.pdf>
Package luatex.def Info: 01-fundamentos-igraph_files/figure-pdf/fig-ej-resuelto-2-1.pdf  used on input line 1141.
(luatex.def)             Requested size: 435.62643pt x 464.7351pt.


[34
Missing character: There is no 📝 (U+1F4DD) in font [lmroman10-regular]:+tlig;!
]

[35]

[36<./01-fundamentos-igraph_files/figure-pdf/fig-ej-resuelto-2-1.pdf>]

[37
Missing character: There is no 💡 (U+1F4A1) in font [lmroman10-regular]:+tlig;!
Missing character: There is no 💡 (U+1F4A1) in font [lmroman10-regular]:+tlig;!
Missing character: There is no 💡 (U+1F4A1) in font [lmroman10-regular]:+tlig;!
]

[38
Missing character: There is no 💡 (U+1F4A1) in font [lmroman10-regular]:+tlig;!
Missing character: There is no 💡 (U+1F4A1) in font [lmroman10-regular]:+tlig;!
Missing character: There is no 💡 (U+1F4A1) in font [lmroman10-regular]:+tlig;!
Missing character: There is no 💡 (U+1F4A1) in font [lmroman10-regular]:+tlig;!
Missing character: There is no 💡 (U+1F4A1) in font [lmroman10-regular]:+tlig;!
Missing character: There is no 💡 (U+1F4A1) in font [lmroman10-regular]:+tlig;!
]

[39
Missing character: There is no ⭐ (U+2B50) in font [lmroman10-regular]:+tlig;!
Missing character: There is no ⭐ (U+2B50) in font [lmroman10-regular]:+tlig;!
Missing character: There is no ⭐ (U+2B50) in font [lmroman10-regular]:+tlig;!
Missing character: There is no ⭐ (U+2B50) in font [lmroman10-regular]:+tlig;!
Missing character: There is no ⭐ (U+2B50) in font [lmroman10-regular]:+tlig;!
]
<01-fundamentos-igraph_files/figure-latex/mermaid-figure-2.png, id=355, 1389.19pt x 3822.28pt>
File: 01-fundamentos-igraph_files/figure-latex/mermaid-figure-2.png Graphic file (type png)
<use 01-fundamentos-igraph_files/figure-latex/mermaid-figure-2.png>
Package luatex.def Info: 01-fundamentos-igraph_files/figure-latex/mermaid-figure-2.png  used on input line 1410.
(luatex.def)             Requested size: 578.1777pt x 1590.64925pt.

Overfull \hbox (131.41766pt too wide) in paragraph at lines 1410--1411
 [][] 
 []



[40
Missing character: There is no ⭐ (U+2B50) in font [lmroman10-regular]:+tlig;!
Missing character: There is no ⭐ (U+2B50) in font [lmroman10-regular]:+tlig;!
Missing character: There is no ⭐ (U+2B50) in font [lmroman10-regular]:+tlig;!
Missing character: There is no 🔧 (U+1F527) in font [lmmono10-regular]:!
Missing character: There is no ✏ (U+270F) in font [lmmono10-regular]:!
Missing character: There is no 📊 (U+1F4CA) in font [lmmono10-regular]:!
Missing character: There is no 🔢 (U+1F522) in font [lmmono10-regular]:!
Missing character: There is no ⭐ (U+2B50) in font [lmmono10-regular]:!
Missing character: There is no 📈 (U+1F4C8) in font [lmmono10-regular]:!
]
Overfull \vbox (1032.04898pt too high) has occurred while \output is active []



[41<./01-fundamentos-igraph_files/figure-latex/mermaid-figure-2.png>]

Package longtable Warning: Column widths have changed
(longtable)                in table 1.3 on input line 1440.


LaTeX Warning: Reference `sec-grado-distribuciones' on page 42 undefined on input line 1443.



[42
Missing character: There is no ✅ (U+2705) in font [lmroman10-regular]:+tlig;!
Missing character: There is no ✅ (U+2705) in font [lmroman10-regular]:+tlig;!
]

[43
Missing character: There is no ❌ (U+274C) in font [lmroman10-regular]:+tlig;!
]
chapter 2.


[44

Missing character: There is no 🎯 (U+1F3AF) in font [lmroman10-regular]:+tlig;!
Missing character: There is no ⚙ (U+2699) in font [lmmono10-regular]:!
Missing character: There is no 📐 (U+1F4D0) in font [lmmono10-regular]:!
Missing character: There is no 🔎 (U+1F50E) in font [lmmono10-regular]:!
]
<02-grado-distribuciones_files/figure-latex/mermaid-figure-1.png, id=396, 2971.1pt x 2738.23pt>
File: 02-grado-distribuciones_files/figure-latex/mermaid-figure-1.png Graphic file (type png)
<use 02-grado-distribuciones_files/figure-latex/mermaid-figure-1.png>
Package luatex.def Info: 02-grado-distribuciones_files/figure-latex/mermaid-figure-1.png  used on input line 1627.
(luatex.def)             Requested size: 818.07509pt x 753.74678pt.

Overfull \hbox (371.31505pt too wide) in paragraph at lines 1627--1628
 [][] 
 []



[45
Missing character: There is no 📊 (U+1F4CA) in font [lmmono10-regular]:!
]
Overfull \vbox (195.14651pt too high) has occurred while \output is active []



[46<./02-grado-distribuciones_files/figure-latex/mermaid-figure-1.png>]

[47
Missing character: There is no 📦 (U+1F4E6) in font [lmroman10-regular]:+tlig;!
Missing character: There is no 💡 (U+1F4A1) in font [lmroman10-regular]:+tlig;!
]

Package longtable Warning: Column widths have changed
(longtable)                in table 2.1 on input line 1737.



[48
Missing character: There is no 💡 (U+1F4A1) in font [lmroman10-regular]:+tlig;!
]
<02-grado-distribuciones_files/figure-pdf/fig-comparar-redes-1.pdf, id=422, 758.835pt x 381.425pt>
File: 02-grado-distribuciones_files/figure-pdf/fig-comparar-redes-1.pdf Graphic file (type pdf)
<use 02-grado-distribuciones_files/figure-pdf/fig-comparar-redes-1.pdf>
Package luatex.def Info: 02-grado-distribuciones_files/figure-pdf/fig-comparar-redes-1.pdf  used on input line 1785.
(luatex.def)             Requested size: 758.83316pt x 381.42406pt.


[49<./02-grado-distribuciones_files/figure-pdf/fig-comparar-redes-1.pdf>]
<02-grado-distribuciones_files/figure-pdf/fig-histogramas-grado-1.pdf, id=437, 855.195pt x 345.29pt>
File: 02-grado-distribuciones_files/figure-pdf/fig-histogramas-grado-1.pdf Graphic file (type pdf)
<use 02-grado-distribuciones_files/figure-pdf/fig-histogramas-grado-1.pdf>
Package luatex.def Info: 02-grado-distribuciones_files/figure-pdf/fig-histogramas-grado-1.pdf  used on input line 1836.
(luatex.def)             Requested size: 855.19293pt x 345.28914pt.


[50]

[51
Missing character: There is no 💡 (U+1F4A1) in font [lmroman10-regular]:+tlig;!
<./02-grado-distribuciones_files/figure-pdf/fig-histogramas-grado-1.pdf>]
<02-grado-distribuciones_files/figure-pdf/fig-loglog-1.pdf, id=458, 851.18pt x 345.29pt>
File: 02-grado-distribuciones_files/figure-pdf/fig-loglog-1.pdf Graphic file (type pdf)
<use 02-grado-distribuciones_files/figure-pdf/fig-loglog-1.pdf>
Package luatex.def Info: 02-grado-distribuciones_files/figure-pdf/fig-loglog-1.pdf  used on input line 1895.
(luatex.def)             Requested size: 851.1779pt x 345.28914pt.
LaTeX Font Info:    Font shape `TU/lmtt/bx/n' in size <14.4> not available
(Font)              Font shape `TU/lmtt/b/n' tried instead on input line 1915.


[52
Missing character: There is no ⚠ (U+26A0) in font [lmroman10-regular]:+tlig;!
<./02-grado-distribuciones_files/figure-pdf/fig-loglog-1.pdf>]

[53
Missing character: There is no 💡 (U+1F4A1) in font [lmroman10-regular]:+tlig;!
]
<02-grado-distribuciones_files/figure-pdf/fig-powerlaw-ajuste-1.pdf, id=478, 906.38625pt x 538.01pt>
File: 02-grado-distribuciones_files/figure-pdf/fig-powerlaw-ajuste-1.pdf Graphic file (type pdf)
<use 02-grado-distribuciones_files/figure-pdf/fig-powerlaw-ajuste-1.pdf>
Package luatex.def Info: 02-grado-distribuciones_files/figure-pdf/fig-powerlaw-ajuste-1.pdf  used on input line 1999.
(luatex.def)             Requested size: 906.38403pt x 538.00868pt.

LaTeX Warning: Reference `sec-robustez' on page 54 undefined on input line 2023.



[54
Missing character: There is no ≥ (U+2265) in font [lmmono10-regular]:!
Missing character: There is no γ (U+03B3) in font [lmmono10-regular]:!
Missing character: There is no 🔑 (U+1F511) in font [lmroman10-regular]:+tlig;!
<./02-grado-distribuciones_files/figure-pdf/fig-powerlaw-ajuste-1.pdf>]

Package longtable Warning: Column widths have changed
(longtable)                in table 2.2 on input line 2059.

<02-grado-distribuciones_files/figure-pdf/fig-hubs-destacados-1.pdf, id=492, 390.45876pt x 453.695pt>
File: 02-grado-distribuciones_files/figure-pdf/fig-hubs-destacados-1.pdf Graphic file (type pdf)
<use 02-grado-distribuciones_files/figure-pdf/fig-hubs-destacados-1.pdf>
Package luatex.def Info: 02-grado-distribuciones_files/figure-pdf/fig-hubs-destacados-1.pdf  used on input line 2080.
(luatex.def)             Requested size: 390.4578pt x 453.6939pt.


[55]

[56<./02-grado-distribuciones_files/figure-pdf/fig-hubs-destacados-1.pdf>]
<02-grado-distribuciones_files/figure-pdf/fig-tres-histogramas-1.pdf, id=515, 990.70125pt x 351.3125pt>
File: 02-grado-distribuciones_files/figure-pdf/fig-tres-histogramas-1.pdf Graphic file (type pdf)
<use 02-grado-distribuciones_files/figure-pdf/fig-tres-histogramas-1.pdf>
Package luatex.def Info: 02-grado-distribuciones_files/figure-pdf/fig-tres-histogramas-1.pdf  used on input line 2130.
(luatex.def)             Requested size: 990.69884pt x 351.31163pt.


[57<./02-grado-distribuciones_files/figure-pdf/fig-tres-histogramas-1.pdf>]
<02-grado-distribuciones_files/figure-pdf/fig-ej-res-cap2-1-1.pdf, id=528, 899.36pt x 539.01375pt>
File: 02-grado-distribuciones_files/figure-pdf/fig-ej-res-cap2-1-1.pdf Graphic file (type pdf)
<use 02-grado-distribuciones_files/figure-pdf/fig-ej-res-cap2-1-1.pdf>
Package luatex.def Info: 02-grado-distribuciones_files/figure-pdf/fig-ej-res-cap2-1-1.pdf  used on input line 2304.
(luatex.def)             Requested size: 899.3578pt x 539.01242pt.


[58
Missing character: There is no ⚠ (U+26A0) in font [lmroman10-regular]:+tlig;!
]

[59
Missing character: There is no 📝 (U+1F4DD) in font [lmroman10-regular]:+tlig;!
]

[60
Missing character: There is no λ (U+03BB) in font [lmmono10-regular]:!
]
<02-grado-distribuciones_files/figure-pdf/fig-ej-res-cap2-2-1.pdf, id=544, 906.38625pt x 538.01pt>
File: 02-grado-distribuciones_files/figure-pdf/fig-ej-res-cap2-2-1.pdf Graphic file (type pdf)
<use 02-grado-distribuciones_files/figure-pdf/fig-ej-res-cap2-2-1.pdf>
Package luatex.def Info: 02-grado-distribuciones_files/figure-pdf/fig-ej-res-cap2-2-1.pdf  used on input line 2411.
(luatex.def)             Requested size: 906.38403pt x 538.00868pt.


[61
Missing character: There is no 📝 (U+1F4DD) in font [lmroman10-regular]:+tlig;!
<./02-grado-distribuciones_files/figure-pdf/fig-ej-res-cap2-1-1.pdf>]

[62
Missing character: There is no γ (U+03B3) in font [lmmono10-regular]:!
Missing character: There is no γ (U+03B3) in font [lmmono10-regular]:!
Missing character: There is no ≥ (U+2265) in font [lmmono10-regular]:!
Missing character: There is no γ (U+03B3) in font [lmmono10-regular]:!
]

[63
Missing character: There is no 💡 (U+1F4A1) in font [lmroman10-regular]:+tlig;!
Missing character: There is no 💡 (U+1F4A1) in font [lmroman10-regular]:+tlig;!
<./02-grado-distribuciones_files/figure-pdf/fig-ej-res-cap2-2-1.pdf>]

[64
Missing character: There is no 💡 (U+1F4A1) in font [lmroman10-regular]:+tlig;!
Missing character: There is no 💡 (U+1F4A1) in font [lmroman10-regular]:+tlig;!
Missing character: There is no 💡 (U+1F4A1) in font [lmroman10-regular]:+tlig;!
Missing character: There is no 💡 (U+1F4A1) in font [lmroman10-regular]:+tlig;!
]

[65
Missing character: There is no 💡 (U+1F4A1) in font [lmroman10-regular]:+tlig;!
Missing character: There is no 💡 (U+1F4A1) in font [lmroman10-regular]:+tlig;!
Missing character: There is no 💡 (U+1F4A1) in font [lmroman10-regular]:+tlig;!
Missing character: There is no ⭐ (U+2B50) in font [lmroman10-regular]:+tlig;!
Missing character: There is no ⭐ (U+2B50) in font [lmroman10-regular]:+tlig;!
Missing character: There is no ⭐ (U+2B50) in font [lmroman10-regular]:+tlig;!
]

[66
Missing character: There is no ⭐ (U+2B50) in font [lmroman10-regular]:+tlig;!
Missing character: There is no ⭐ (U+2B50) in font [lmroman10-regular]:+tlig;!
Missing character: There is no ⭐ (U+2B50) in font [lmroman10-regular]:+tlig;!
Missing character: There is no ⭐ (U+2B50) in font [lmroman10-regular]:+tlig;!
Missing character: There is no ⭐ (U+2B50) in font [lmroman10-regular]:+tlig;!
Missing character: There is no ⭐ (U+2B50) in font [lmroman10-regular]:+tlig;!
Missing character: There is no ⭐ (U+2B50) in font [lmroman10-regular]:+tlig;!
Missing character: There is no ⭐ (U+2B50) in font [lmroman10-regular]:+tlig;!
]
<02-grado-distribuciones_files/figure-latex/mermaid-figure-2.png, id=593, 2971.1pt x 429.605pt>
File: 02-grado-distribuciones_files/figure-latex/mermaid-figure-2.png Graphic file (type png)
<use 02-grado-distribuciones_files/figure-latex/mermaid-figure-2.png>
Package luatex.def Info: 02-grado-distribuciones_files/figure-latex/mermaid-figure-2.png  used on input line 2641.
(luatex.def)             Requested size: 899.0439pt x 130.80972pt.

Overfull \hbox (452.28386pt too wide) in paragraph at lines 2641--2642
 [][] 
 []


LaTeX Warning: Reference `sec-distancias' on page 67 undefined on input line 2688.



[67<./02-grado-distribuciones_files/figure-latex/mermaid-figure-2.png>]

[68
Missing character: There is no ✅ (U+2705) in font [lmroman10-regular]:+tlig;!
Missing character: There is no ✅ (U+2705) in font [lmroman10-regular]:+tlig;!
]

[69
Missing character: There is no ✅ (U+2705) in font [lmroman10-regular]:+tlig;!
Missing character: There is no ❌ (U+274C) in font [lmroman10-regular]:+tlig;!
]
chapter 3.
<03-distancias-eficiencia_files/figure-latex/mermaid-figure-1.png, id=626, 2971.1pt x 465.74pt>
File: 03-distancias-eficiencia_files/figure-latex/mermaid-figure-1.png Graphic file (type png)
<use 03-distancias-eficiencia_files/figure-latex/mermaid-figure-1.png>
Package luatex.def Info: 03-distancias-eficiencia_files/figure-latex/mermaid-figure-1.png  used on input line 2869.
(luatex.def)             Requested size: 1325.46751pt x 209.58105pt.

Overfull \hbox (878.70747pt too wide) in paragraph at lines 2869--2870
 [][] 
 []



[70

Missing character: There is no 🎯 (U+1F3AF) in font [lmroman10-regular]:+tlig;!
]

[71
Missing character: There is no 💡 (U+1F4A1) in font [lmroman10-regular]:+tlig;!
<./03-distancias-eficiencia_files/figure-latex/mermaid-figure-1.png>]
<03-distancias-eficiencia_files/figure-pdf/fig-red-anillo-distancias-1.pdf, id=645, 414.54875pt x 464.73625pt>
File: 03-distancias-eficiencia_files/figure-pdf/fig-red-anillo-distancias-1.pdf Graphic file (type pdf)
<use 03-distancias-eficiencia_files/figure-pdf/fig-red-anillo-distancias-1.pdf>
Package luatex.def Info: 03-distancias-eficiencia_files/figure-pdf/fig-red-anillo-distancias-1.pdf  used on input line 2924.
(luatex.def)             Requested size: 414.54773pt x 464.7351pt.


[72]

[73<./03-distancias-eficiencia_files/figure-pdf/fig-red-anillo-distancias-1.pdf>]
<03-distancias-eficiencia_files/figure-pdf/fig-shortest-path-visual-1.pdf, id=662, 414.54875pt x 465.74pt>
File: 03-distancias-eficiencia_files/figure-pdf/fig-shortest-path-visual-1.pdf Graphic file (type pdf)
<use 03-distancias-eficiencia_files/figure-pdf/fig-shortest-path-visual-1.pdf>
Package luatex.def Info: 03-distancias-eficiencia_files/figure-pdf/fig-shortest-path-visual-1.pdf  used on input line 2993.
(luatex.def)             Requested size: 414.54773pt x 465.73886pt.


[74]

[75<./03-distancias-eficiencia_files/figure-pdf/fig-shortest-path-visual-1.pdf>]

Package longtable Warning: Column widths have changed
(longtable)                in table 3.1 on input line 3041.

<03-distancias-eficiencia_files/figure-pdf/fig-heatmap-distancias-1.pdf, id=682, 512.91624pt x 546.04pt>
File: 03-distancias-eficiencia_files/figure-pdf/fig-heatmap-distancias-1.pdf Graphic file (type pdf)
<use 03-distancias-eficiencia_files/figure-pdf/fig-heatmap-distancias-1.pdf>
Package luatex.def Info: 03-distancias-eficiencia_files/figure-pdf/fig-heatmap-distancias-1.pdf  used on input line 3066.
(luatex.def)             Requested size: 512.915pt x 546.03867pt.


[76
Missing character: There is no ⚠ (U+26A0) in font [lmroman10-regular]:+tlig;!
]

[77<./03-distancias-eficiencia_files/figure-pdf/fig-heatmap-distancias-1.pdf>]

[78]

Package longtable Warning: Column widths have changed
(longtable)                in table 3.2 on input line 3188.

<03-distancias-eficiencia_files/figure-pdf/fig-excentricidad-1.pdf, id=708, 874.26625pt x 537.00626pt>
File: 03-distancias-eficiencia_files/figure-pdf/fig-excentricidad-1.pdf Graphic file (type pdf)
<use 03-distancias-eficiencia_files/figure-pdf/fig-excentricidad-1.pdf>
Package luatex.def Info: 03-distancias-eficiencia_files/figure-pdf/fig-excentricidad-1.pdf  used on input line 3204.
(luatex.def)             Requested size: 874.26411pt x 537.00494pt.


[79]

[80
Missing character: There is no 💡 (U+1F4A1) in font [lmroman10-regular]:+tlig;!
<./03-distancias-eficiencia_files/figure-pdf/fig-excentricidad-1.pdf>]

[81]

Package caption Warning: The type was already set to `figure'
(caption)                 on input line 3334.
See the caption package documentation for explanation.


Package caption Warning: The type was already set to `figure'
(caption)                 on input line 3334.
See the caption package documentation for explanation.


Package longtable Warning: Column widths have changed
(longtable)                in table 3.3 on input line 3348.



[82]
<03-distancias-eficiencia_files/figure-pdf/fig-anillo-atajo-visual-1.pdf, id=741, 716.6775pt x 320.19624pt>
File: 03-distancias-eficiencia_files/figure-pdf/fig-anillo-atajo-visual-1.pdf Graphic file (type pdf)
<use 03-distancias-eficiencia_files/figure-pdf/fig-anillo-atajo-visual-1.pdf>
Package luatex.def Info: 03-distancias-eficiencia_files/figure-pdf/fig-anillo-atajo-visual-1.pdf  used on input line 3384.
(luatex.def)             Requested size: 716.67577pt x 320.19545pt.


[83
Missing character: There is no 🔑 (U+1F511) in font [lmroman10-regular]:+tlig;!
<./03-distancias-eficiencia_files/figure-pdf/fig-anillo-atajo-visual-1.pdf>]
Overfull \hbox (7.71892pt too wide) in paragraph at lines 3461--3462
 []\TU/lmr/m/n/10.95 Diámetro
 []


Overfull \hbox (7.71892pt too wide) in paragraph at lines 3480--3481
 []\TU/lmr/m/n/10.95 Diámetro
 []



[84]
<03-distancias-eficiencia_files/figure-pdf/fig-barplot-comparacion-1.pdf, id=760, 838.13126pt x 316.18124pt>
File: 03-distancias-eficiencia_files/figure-pdf/fig-barplot-comparacion-1.pdf Graphic file (type pdf)
<use 03-distancias-eficiencia_files/figure-pdf/fig-barplot-comparacion-1.pdf>
Package luatex.def Info: 03-distancias-eficiencia_files/figure-pdf/fig-barplot-comparacion-1.pdf  used on input line 3524.
(luatex.def)             Requested size: 838.12921pt x 316.18047pt.


[85
Missing character: There is no 💡 (U+1F4A1) in font [lmroman10-regular]:+tlig;!
<./03-distancias-eficiencia_files/figure-pdf/fig-barplot-comparacion-1.pdf>]
<03-distancias-eficiencia_files/figure-pdf/fig-heatmap-grande-1.pdf, id=773, 501.875pt x 534.99875pt>
File: 03-distancias-eficiencia_files/figure-pdf/fig-heatmap-grande-1.pdf Graphic file (type pdf)
<use 03-distancias-eficiencia_files/figure-pdf/fig-heatmap-grande-1.pdf>
Package luatex.def Info: 03-distancias-eficiencia_files/figure-pdf/fig-heatmap-grande-1.pdf  used on input line 3608.
(luatex.def)             Requested size: 501.87376pt x 534.99744pt.


[86]

[87<./03-distancias-eficiencia_files/figure-pdf/fig-heatmap-grande-1.pdf>]
<03-distancias-eficiencia_files/figure-pdf/fig-dist-distribucion-grande-1.pdf, id=791, 899.36pt x 539.01375pt>
File: 03-distancias-eficiencia_files/figure-pdf/fig-dist-distribucion-grande-1.pdf Graphic file (type pdf)
<use 03-distancias-eficiencia_files/figure-pdf/fig-dist-distribucion-grande-1.pdf>
Package luatex.def Info: 03-distancias-eficiencia_files/figure-pdf/fig-dist-distribucion-grande-1.pdf  used on input line 3637.
(luatex.def)             Requested size: 899.3578pt x 539.01242pt.


[88
Missing character: There is no ⚠ (U+26A0) in font [lmroman10-regular]:+tlig;!
<./03-distancias-eficiencia_files/figure-pdf/fig-dist-distribucion-grande-1.pdf>]

Package longtable Warning: Column widths have changed
(longtable)                in table 3.5 on input line 3705.

<03-distancias-eficiencia_files/figure-pdf/fig-ej-res-cap3-1-1.pdf, id=804, 874.26625pt x 509.905pt>
File: 03-distancias-eficiencia_files/figure-pdf/fig-ej-res-cap3-1-1.pdf Graphic file (type pdf)
<use 03-distancias-eficiencia_files/figure-pdf/fig-ej-res-cap3-1-1.pdf>
Package luatex.def Info: 03-distancias-eficiencia_files/figure-pdf/fig-ej-res-cap3-1-1.pdf  used on input line 3726.
(luatex.def)             Requested size: 874.26411pt x 509.90375pt.


[89
Missing character: There is no 📝 (U+1F4DD) in font [lmroman10-regular]:+tlig;!
]

[90<./03-distancias-eficiencia_files/figure-pdf/fig-ej-res-cap3-1-1.pdf>]

Package longtable Warning: Column widths have changed
(longtable)                in table 3.6 on input line 3816.



[91
Missing character: There is no 📝 (U+1F4DD) in font [lmroman10-regular]:+tlig;!
]

[92
Missing character: There is no 💡 (U+1F4A1) in font [lmroman10-regular]:+tlig;!
Missing character: There is no 💡 (U+1F4A1) in font [lmroman10-regular]:+tlig;!
Missing character: There is no 💡 (U+1F4A1) in font [lmroman10-regular]:+tlig;!
]

[93
Missing character: There is no 💡 (U+1F4A1) in font [lmroman10-regular]:+tlig;!
Missing character: There is no 💡 (U+1F4A1) in font [lmroman10-regular]:+tlig;!
Missing character: There is no 💡 (U+1F4A1) in font [lmroman10-regular]:+tlig;!
Missing character: There is no 💡 (U+1F4A1) in font [lmroman10-regular]:+tlig;!
]
Underfull \hbox (badness 3815) in paragraph at lines 3959--3964
\TU/lmtt/m/n/10.95 sample_smallworld(1, 100, nei = 3, p) \TU/lmr/m/n/10.95 var-iando $\TU/latinmodern-math.otf(1)/m/n/10.95 𝑝 ∈ {0, 0.01, 0.05, 0.1, 0.3, 0.5, 1}$\TU/lmr/m/n/10.95 .
 []



[94
Missing character: There is no 💡 (U+1F4A1) in font [lmroman10-regular]:+tlig;!
Missing character: There is no 💡 (U+1F4A1) in font [lmroman10-regular]:+tlig;!
Missing character: There is no ⭐ (U+2B50) in font [lmroman10-regular]:+tlig;!
Missing character: There is no ⭐ (U+2B50) in font [lmroman10-regular]:+tlig;!
Missing character: There is no ⭐ (U+2B50) in font [lmroman10-regular]:+tlig;!
]

[95
Missing character: There is no ⭐ (U+2B50) in font [lmroman10-regular]:+tlig;!
Missing character: There is no ⭐ (U+2B50) in font [lmroman10-regular]:+tlig;!
Missing character: There is no ⭐ (U+2B50) in font [lmroman10-regular]:+tlig;!
Missing character: There is no ⭐ (U+2B50) in font [lmroman10-regular]:+tlig;!
Missing character: There is no ⭐ (U+2B50) in font [lmroman10-regular]:+tlig;!
Missing character: There is no ⭐ (U+2B50) in font [lmroman10-regular]:+tlig;!
Missing character: There is no ⭐ (U+2B50) in font [lmroman10-regular]:+tlig;!
Missing character: There is no ⭐ (U+2B50) in font [lmroman10-regular]:+tlig;!
]
<03-distancias-eficiencia_files/figure-latex/mermaid-figure-2.png, id=850, 2971.1pt x 156.585pt>
File: 03-distancias-eficiencia_files/figure-latex/mermaid-figure-2.png Graphic file (type png)
<use 03-distancias-eficiencia_files/figure-latex/mermaid-figure-2.png>
Package luatex.def Info: 03-distancias-eficiencia_files/figure-latex/mermaid-figure-2.png  used on input line 4038.
(luatex.def)             Requested size: 1313.18166pt x 70.82576pt.

Overfull \hbox (866.42162pt too wide) in paragraph at lines 4038--4039
 [][] 
 []


LaTeX Warning: Reference `sec-clustering' on page 96 undefined on input line 4083.



[96<./03-distancias-eficiencia_files/figure-latex/mermaid-figure-2.png>]

[97
Missing character: There is no ✅ (U+2705) in font [lmroman10-regular]:+tlig;!
Missing character: There is no ❌ (U+274C) in font [lmroman10-regular]:+tlig;!
Missing character: There is no ✅ (U+2705) in font [lmroman10-regular]:+tlig;!
]

[98
Missing character: There is no ✅ (U+2705) in font [lmroman10-regular]:+tlig;!
]
chapter 4.
<04-clustering_files/figure-latex/mermaid-figure-1.png, id=874, 2971.1pt x 626.34pt>
File: 04-clustering_files/figure-latex/mermaid-figure-1.png Graphic file (type png)
<use 04-clustering_files/figure-latex/mermaid-figure-1.png>
Package luatex.def Info: 04-clustering_files/figure-latex/mermaid-figure-1.png  used on input line 4227.
(luatex.def)             Requested size: 989.35176pt x 209.57909pt.

Overfull \hbox (542.59172pt too wide) in paragraph at lines 4227--4228
 [][] 
 []



[99

Missing character: There is no 🎯 (U+1F3AF) in font [lmroman10-regular]:+tlig;!
]

[100<./04-clustering_files/figure-latex/mermaid-figure-1.png>]
<04-clustering_files/figure-pdf/fig-triangulo-ejemplo-1.pdf, id=893, 578.16pt x 259.97125pt>
File: 04-clustering_files/figure-pdf/fig-triangulo-ejemplo-1.pdf Graphic file (type pdf)
<use 04-clustering_files/figure-pdf/fig-triangulo-ejemplo-1.pdf>
Package luatex.def Info: 04-clustering_files/figure-pdf/fig-triangulo-ejemplo-1.pdf  used on input line 4280.
(luatex.def)             Requested size: 578.15858pt x 259.97061pt.


[101
Missing character: There is no 💡 (U+1F4A1) in font [lmroman10-regular]:+tlig;!
<./04-clustering_files/figure-pdf/fig-triangulo-ejemplo-1.pdf>]
<04-clustering_files/figure-pdf/fig-clustering-local-demo-1.pdf, id=908, 414.54875pt x 464.73625pt>
File: 04-clustering_files/figure-pdf/fig-clustering-local-demo-1.pdf Graphic file (type pdf)
<use 04-clustering_files/figure-pdf/fig-clustering-local-demo-1.pdf>
Package luatex.def Info: 04-clustering_files/figure-pdf/fig-clustering-local-demo-1.pdf  used on input line 4348.
(luatex.def)             Requested size: 414.54773pt x 464.7351pt.


[102]

[103<./04-clustering_files/figure-pdf/fig-clustering-local-demo-1.pdf>]

Package longtable Warning: Column widths have changed
(longtable)                in table 4.1 on input line 4391.



[104]

[105
Missing character: There is no ⚠ (U+26A0) in font [lmroman10-regular]:+tlig;!
]

[106
Missing character: There is no 💡 (U+1F4A1) in font [lmroman10-regular]:+tlig;!
]

[107
Missing character: There is no ⚠ (U+26A0) in font [lmroman10-regular]:+tlig;!
]
<04-clustering_files/figure-pdf/fig-clustering-vs-distancia-1.pdf, id=953, 545.03625pt x 391.4625pt>
File: 04-clustering_files/figure-pdf/fig-clustering-vs-distancia-1.pdf Graphic file (type pdf)
<use 04-clustering_files/figure-pdf/fig-clustering-vs-distancia-1.pdf>
Package luatex.def Info: 04-clustering_files/figure-pdf/fig-clustering-vs-distancia-1.pdf  used on input line 4655.
(luatex.def)             Requested size: 545.03493pt x 391.46153pt.


[108]

[109
Missing character: There is no 🔑 (U+1F511) in font [lmroman10-regular]:+tlig;!
<./04-clustering_files/figure-pdf/fig-clustering-vs-distancia-1.pdf>]

[110]
<04-clustering_files/figure-pdf/fig-smallworld-transicion-1.pdf, id=976, 689.57625pt x 394.47375pt>
File: 04-clustering_files/figure-pdf/fig-smallworld-transicion-1.pdf Graphic file (type pdf)
<use 04-clustering_files/figure-pdf/fig-smallworld-transicion-1.pdf>
Package luatex.def Info: 04-clustering_files/figure-pdf/fig-smallworld-transicion-1.pdf  used on input line 4742.
(luatex.def)             Requested size: 689.57455pt x 394.47278pt.


[111
Missing character: There is no 💡 (U+1F4A1) in font [lmroman10-regular]:+tlig;!
<./04-clustering_files/figure-pdf/fig-smallworld-transicion-1.pdf>]
<04-clustering_files/figure-pdf/fig-grado-vs-clustering-1.pdf, id=994, 1001.7425pt x 350.30875pt>
File: 04-clustering_files/figure-pdf/fig-grado-vs-clustering-1.pdf Graphic file (type pdf)
<use 04-clustering_files/figure-pdf/fig-grado-vs-clustering-1.pdf>
Package luatex.def Info: 04-clustering_files/figure-pdf/fig-grado-vs-clustering-1.pdf  used on input line 4810.
(luatex.def)             Requested size: 1001.74005pt x 350.30789pt.


[112]

[113
Missing character: There is no ⚠ (U+26A0) in font [lmroman10-regular]:+tlig;!
<./04-clustering_files/figure-pdf/fig-grado-vs-clustering-1.pdf>]
<04-clustering_files/figure-pdf/fig-red-coloreada-clustering-1.pdf, id=1017, 412.54124pt x 401.5pt>
File: 04-clustering_files/figure-pdf/fig-red-coloreada-clustering-1.pdf Graphic file (type pdf)
<use 04-clustering_files/figure-pdf/fig-red-coloreada-clustering-1.pdf>
Package luatex.def Info: 04-clustering_files/figure-pdf/fig-red-coloreada-clustering-1.pdf  used on input line 4865.
(luatex.def)             Requested size: 412.54024pt x 401.49901pt.


[114<./04-clustering_files/figure-pdf/fig-red-coloreada-clustering-1.pdf>]
<04-clustering_files/figure-pdf/fig-ej-res-cap4-1-1.pdf, id=1033, 578.16pt x 250.9375pt>
File: 04-clustering_files/figure-pdf/fig-ej-res-cap4-1-1.pdf Graphic file (type pdf)
<use 04-clustering_files/figure-pdf/fig-ej-res-cap4-1-1.pdf>
Package luatex.def Info: 04-clustering_files/figure-pdf/fig-ej-res-cap4-1-1.pdf  used on input line 4997.
(luatex.def)             Requested size: 578.15858pt x 250.93687pt.


[115
Missing character: There is no 📝 (U+1F4DD) in font [lmroman10-regular]:+tlig;!
]

[116<./04-clustering_files/figure-pdf/fig-ej-res-cap4-1-1.pdf>]
<04-clustering_files/figure-pdf/fig-ej-res-cap4-2-1.pdf, id=1052, 898.35625pt x 538.01pt>
File: 04-clustering_files/figure-pdf/fig-ej-res-cap4-2-1.pdf Graphic file (type pdf)
<use 04-clustering_files/figure-pdf/fig-ej-res-cap4-2-1.pdf>
Package luatex.def Info: 04-clustering_files/figure-pdf/fig-ej-res-cap4-2-1.pdf  used on input line 5092.
(luatex.def)             Requested size: 898.35405pt x 538.00868pt.


[117
Missing character: There is no 📝 (U+1F4DD) in font [lmroman10-regular]:+tlig;!
Missing character: There is no ≈ (U+2248) in font [lmmono10-regular]:!
Missing character: There is no ≈ (U+2248) in font [lmmono10-regular]:!
]

[118<./04-clustering_files/figure-pdf/fig-ej-res-cap4-2-1.pdf>]

[119
Missing character: There is no 💡 (U+1F4A1) in font [lmroman10-regular]:+tlig;!
Missing character: There is no 💡 (U+1F4A1) in font [lmroman10-regular]:+tlig;!
Missing character: There is no 💡 (U+1F4A1) in font [lmroman10-regular]:+tlig;!
Missing character: There is no 💡 (U+1F4A1) in font [lmroman10-regular]:+tlig;!
]

[120
Missing character: There is no 💡 (U+1F4A1) in font [lmroman10-regular]:+tlig;!
Missing character: There is no 💡 (U+1F4A1) in font [lmroman10-regular]:+tlig;!
Missing character: There is no 💡 (U+1F4A1) in font [lmroman10-regular]:+tlig;!
Missing character: There is no 💡 (U+1F4A1) in font [lmroman10-regular]:+tlig;!
Missing character: There is no 💡 (U+1F4A1) in font [lmroman10-regular]:+tlig;!
]

[121
Missing character: There is no ⭐ (U+2B50) in font [lmroman10-regular]:+tlig;!
Missing character: There is no ⭐ (U+2B50) in font [lmroman10-regular]:+tlig;!
Missing character: There is no ⭐ (U+2B50) in font [lmroman10-regular]:+tlig;!
Missing character: There is no ⭐ (U+2B50) in font [lmroman10-regular]:+tlig;!
Missing character: There is no ⭐ (U+2B50) in font [lmroman10-regular]:+tlig;!
]

LaTeX Warning: Reference `sec-robustez' on page 122 undefined on input line 5301.

<04-clustering_files/figure-latex/mermaid-figure-2.png, id=1084, 2971.1pt x 120.45pt>
File: 04-clustering_files/figure-latex/mermaid-figure-2.png Graphic file (type png)
<use 04-clustering_files/figure-latex/mermaid-figure-2.png>
Package luatex.def Info: 04-clustering_files/figure-latex/mermaid-figure-2.png  used on input line 5329.
(luatex.def)             Requested size: 1295.81825pt x 52.75554pt.

Overfull \hbox (849.05821pt too wide) in paragraph at lines 5329--5330
 [][] 
 []



[122
Missing character: There is no ⭐ (U+2B50) in font [lmroman10-regular]:+tlig;!
Missing character: There is no ⭐ (U+2B50) in font [lmroman10-regular]:+tlig;!
Missing character: There is no ⭐ (U+2B50) in font [lmroman10-regular]:+tlig;!
Missing character: There is no ⭐ (U+2B50) in font [lmroman10-regular]:+tlig;!
Missing character: There is no ⭐ (U+2B50) in font [lmroman10-regular]:+tlig;!
Missing character: There is no ⭐ (U+2B50) in font [lmroman10-regular]:+tlig;!
<./04-clustering_files/figure-latex/mermaid-figure-2.png>]

LaTeX Warning: Reference `sec-robustez' on page 123 undefined on input line 5375.



[123
Missing character: There is no ✅ (U+2705) in font [lmroman10-regular]:+tlig;!
]

[124
Missing character: There is no ✅ (U+2705) in font [lmroman10-regular]:+tlig;!
Missing character: There is no ✅ (U+2705) in font [lmroman10-regular]:+tlig;!
Missing character: There is no ❌ (U+274C) in font [lmroman10-regular]:+tlig;!
]
chapter 5.
<05-robustez_files/figure-latex/mermaid-figure-1.png, id=1110, 2971.1pt x 517.935pt>
File: 05-robustez_files/figure-latex/mermaid-figure-1.png Graphic file (type png)
<use 05-robustez_files/figure-latex/mermaid-figure-1.png>
Package luatex.def Info: 05-robustez_files/figure-latex/mermaid-figure-1.png  used on input line 5523.
(luatex.def)             Requested size: 1300.17044pt x 227.655pt.

Overfull \hbox (853.4104pt too wide) in paragraph at lines 5523--5524
 [][] 
 []



[125

Missing character: There is no 🎯 (U+1F3AF) in font [lmroman10-regular]:+tlig;!
]

[126
Missing character: There is no 💡 (U+1F4A1) in font [lmroman10-regular]:+tlig;!
<./05-robustez_files/figure-latex/mermaid-figure-1.png>]
<05-robustez_files/figure-pdf/fig-delete-vertices-demo-1.pdf, id=1130, 716.6775pt x 320.19624pt>
File: 05-robustez_files/figure-pdf/fig-delete-vertices-demo-1.pdf Graphic file (type pdf)
<use 05-robustez_files/figure-pdf/fig-delete-vertices-demo-1.pdf>
Package luatex.def Info: 05-robustez_files/figure-pdf/fig-delete-vertices-demo-1.pdf  used on input line 5610.
(luatex.def)             Requested size: 716.67577pt x 320.19545pt.


[127]

[128<./05-robustez_files/figure-pdf/fig-delete-vertices-demo-1.pdf>]

[129
Missing character: There is no ⚠ (U+26A0) in font [lmroman10-regular]:+tlig;!
]

[130]

[131]

[132
Missing character: There is no 🔑 (U+1F511) in font [lmroman10-regular]:+tlig;!
]

[133]
<05-robustez_files/figure-pdf/fig-robustez-comp-gigante-1.pdf, id=1172, 995.72pt x 415.5525pt>
File: 05-robustez_files/figure-pdf/fig-robustez-comp-gigante-1.pdf Graphic file (type pdf)
<use 05-robustez_files/figure-pdf/fig-robustez-comp-gigante-1.pdf>
Package luatex.def Info: 05-robustez_files/figure-pdf/fig-robustez-comp-gigante-1.pdf  used on input line 6008.
(luatex.def)             Requested size: 995.71758pt x 415.55148pt.


[134]

[135
Missing character: There is no 💡 (U+1F4A1) in font [lmroman10-regular]:+tlig;!
<./05-robustez_files/figure-pdf/fig-robustez-comp-gigante-1.pdf>]
<05-robustez_files/figure-pdf/fig-robustez-distancia-1.pdf, id=1191, 995.72pt x 415.5525pt>
File: 05-robustez_files/figure-pdf/fig-robustez-distancia-1.pdf Graphic file (type pdf)
<use 05-robustez_files/figure-pdf/fig-robustez-distancia-1.pdf>
Package luatex.def Info: 05-robustez_files/figure-pdf/fig-robustez-distancia-1.pdf  used on input line 6083.
(luatex.def)             Requested size: 995.71758pt x 415.55148pt.


[136<./05-robustez_files/figure-pdf/fig-robustez-distancia-1.pdf>]
<05-robustez_files/figure-pdf/fig-robustez-diametro-1.pdf, id=1204, 995.72pt x 415.5525pt>
File: 05-robustez_files/figure-pdf/fig-robustez-diametro-1.pdf Graphic file (type pdf)
<use 05-robustez_files/figure-pdf/fig-robustez-diametro-1.pdf>
Package luatex.def Info: 05-robustez_files/figure-pdf/fig-robustez-diametro-1.pdf  used on input line 6135.
(luatex.def)             Requested size: 995.71758pt x 415.55148pt.


[137]

[138<./05-robustez_files/figure-pdf/fig-robustez-diametro-1.pdf>]
<05-robustez_files/figure-pdf/fig-robustez-tres-redes-1.pdf, id=1224, 995.72pt x 415.5525pt>
File: 05-robustez_files/figure-pdf/fig-robustez-tres-redes-1.pdf Graphic file (type pdf)
<use 05-robustez_files/figure-pdf/fig-robustez-tres-redes-1.pdf>
Package luatex.def Info: 05-robustez_files/figure-pdf/fig-robustez-tres-redes-1.pdf  used on input line 6236.
(luatex.def)             Requested size: 995.71758pt x 415.55148pt.


[139]

[140<./05-robustez_files/figure-pdf/fig-robustez-tres-redes-1.pdf>]

Package longtable Warning: Column widths have changed
(longtable)                in table 5.1 on input line 6292.



[141]
<05-robustez_files/figure-pdf/fig-fragmentacion-visual-1.pdf, id=1249, 959.585pt x 332.24126pt>
File: 05-robustez_files/figure-pdf/fig-fragmentacion-visual-1.pdf Graphic file (type pdf)
<use 05-robustez_files/figure-pdf/fig-fragmentacion-visual-1.pdf>
Package luatex.def Info: 05-robustez_files/figure-pdf/fig-fragmentacion-visual-1.pdf  used on input line 6350.
(luatex.def)             Requested size: 959.58266pt x 332.24043pt.


[142<./05-robustez_files/figure-pdf/fig-fragmentacion-visual-1.pdf>]

[143]
<05-robustez_files/figure-pdf/fig-multiples-realizaciones-1.pdf, id=1269, 617.30624pt x 391.4625pt>
File: 05-robustez_files/figure-pdf/fig-multiples-realizaciones-1.pdf Graphic file (type pdf)
<use 05-robustez_files/figure-pdf/fig-multiples-realizaciones-1.pdf>
Package luatex.def Info: 05-robustez_files/figure-pdf/fig-multiples-realizaciones-1.pdf  used on input line 6422.
(luatex.def)             Requested size: 617.30473pt x 391.46153pt.


[144
Missing character: There is no 💡 (U+1F4A1) in font [lmroman10-regular]:+tlig;!
<./05-robustez_files/figure-pdf/fig-multiples-realizaciones-1.pdf>]
Overfull \hbox (15.46211pt too wide) in paragraph at lines 6597--6597
[]|\TU/lmr/m/n/10.95 BA_100|  
 []


Overfull \hbox (15.46211pt too wide) in paragraph at lines 6597--6597
[]|\TU/lmr/m/n/10.95 BA_100|  
 []


Overfull \hbox (20.82762pt too wide) in paragraph at lines 6598--6598
[]|\TU/lmr/m/n/10.95 BA_1000|  
 []


Overfull \hbox (20.82762pt too wide) in paragraph at lines 6598--6598
[]|\TU/lmr/m/n/10.95 BA_1000|  
 []


Overfull \hbox (20.38766pt too wide) in paragraph at lines 6599--6599
[]|\TU/lmr/m/n/10.95 ER_1000|  
 []


Overfull \hbox (20.38766pt too wide) in paragraph at lines 6599--6599
[]|\TU/lmr/m/n/10.95 ER_1000|  
 []


Overfull \hbox (22.17972pt too wide) in paragraph at lines 6600--6600
[]|\TU/lmr/m/n/10.95 SW_1000|  
 []


Overfull \hbox (22.17972pt too wide) in paragraph at lines 6600--6600
[]|\TU/lmr/m/n/10.95 SW_1000|  
 []



[145
Missing character: There is no 📝 (U+1F4DD) in font [lmroman10-regular]:+tlig;!
]

[146]
Overfull \hbox (11.07526pt too wide) in paragraph at lines 6709--6709
[]|\TU/lmr/m/n/10.95 BA_100|  
 []


Overfull \hbox (11.07526pt too wide) in paragraph at lines 6709--6709
[]|\TU/lmr/m/n/10.95 BA_100|  
 []


Overfull \hbox (16.44077pt too wide) in paragraph at lines 6710--6710
[]|\TU/lmr/m/n/10.95 BA_1000|  
 []


Overfull \hbox (16.44077pt too wide) in paragraph at lines 6710--6710
[]|\TU/lmr/m/n/10.95 BA_1000|  
 []


Overfull \hbox (16.00081pt too wide) in paragraph at lines 6711--6711
[]|\TU/lmr/m/n/10.95 ER_1000|  
 []


Overfull \hbox (16.00081pt too wide) in paragraph at lines 6711--6711
[]|\TU/lmr/m/n/10.95 ER_1000|  
 []


Overfull \hbox (17.79286pt too wide) in paragraph at lines 6712--6712
[]|\TU/lmr/m/n/10.95 SW_1000|  
 []


Overfull \hbox (17.79286pt too wide) in paragraph at lines 6712--6712
[]|\TU/lmr/m/n/10.95 SW_1000|  
 []



[147]

[148
Missing character: There is no 📝 (U+1F4DD) in font [lmroman10-regular]:+tlig;!
]

[149
Missing character: There is no 💡 (U+1F4A1) in font [lmroman10-regular]:+tlig;!
Missing character: There is no 💡 (U+1F4A1) in font [lmroman10-regular]:+tlig;!
Missing character: There is no 💡 (U+1F4A1) in font [lmroman10-regular]:+tlig;!
]

[150
Missing character: There is no 💡 (U+1F4A1) in font [lmroman10-regular]:+tlig;!
Missing character: There is no 💡 (U+1F4A1) in font [lmroman10-regular]:+tlig;!
Missing character: There is no 💡 (U+1F4A1) in font [lmroman10-regular]:+tlig;!
]

[151
Missing character: There is no 💡 (U+1F4A1) in font [lmroman10-regular]:+tlig;!
Missing character: There is no 💡 (U+1F4A1) in font [lmroman10-regular]:+tlig;!
Missing character: There is no 💡 (U+1F4A1) in font [lmroman10-regular]:+tlig;!
Missing character: There is no ⭐ (U+2B50) in font [lmroman10-regular]:+tlig;!
Missing character: There is no ⭐ (U+2B50) in font [lmroman10-regular]:+tlig;!
Missing character: There is no ⭐ (U+2B50) in font [lmroman10-regular]:+tlig;!
]

[152
Missing character: There is no ⭐ (U+2B50) in font [lmroman10-regular]:+tlig;!
Missing character: There is no ⭐ (U+2B50) in font [lmroman10-regular]:+tlig;!
Missing character: There is no ⭐ (U+2B50) in font [lmroman10-regular]:+tlig;!
Missing character: There is no ⭐ (U+2B50) in font [lmroman10-regular]:+tlig;!
Missing character: There is no ⭐ (U+2B50) in font [lmroman10-regular]:+tlig;!
Missing character: There is no ⭐ (U+2B50) in font [lmroman10-regular]:+tlig;!
Missing character: There is no ⭐ (U+2B50) in font [lmroman10-regular]:+tlig;!
Missing character: There is no ⭐ (U+2B50) in font [lmroman10-regular]:+tlig;!
]
<05-robustez_files/figure-latex/mermaid-figure-2.png, id=1325, 2971.1pt x 385.44pt>
File: 05-robustez_files/figure-latex/mermaid-figure-2.png Graphic file (type png)
<use 05-robustez_files/figure-latex/mermaid-figure-2.png>
Package luatex.def Info: 05-robustez_files/figure-latex/mermaid-figure-2.png  used on input line 6943.
(luatex.def)             Requested size: 1007.44054pt x 130.80673pt.

Overfull \hbox (560.6805pt too wide) in paragraph at lines 6943--6944
 [][] 
 []


LaTeX Warning: Reference `sec-ejercicios-integradores' on page 153 undefined on input line 6985.



[153<./05-robustez_files/figure-latex/mermaid-figure-2.png>]

[154
Missing character: There is no ✅ (U+2705) in font [lmroman10-regular]:+tlig;!
Missing character: There is no ✅ (U+2705) in font [lmroman10-regular]:+tlig;!
Missing character: There is no ✅ (U+2705) in font [lmroman10-regular]:+tlig;!
]

[155
Missing character: There is no ✅ (U+2705) in font [lmroman10-regular]:+tlig;!
]
chapter 6.

LaTeX Warning: File `06-centralidad_files/figure-latex/mermaid-figure-1.png' not found on input line 7140.


! Package luatex.def Error: File `06-centralidad_files/figure-latex/mermaid-figure-1.png' not found: using draft setting.

See the luatex.def package documentation for explanation.
Type  H <return>  for immediate help.
 ...                                              
                                                  
l.7140 ...d_files/figure-latex/mermaid-figure-1.png}
                                                  

Here is how much of LuaTeX's memory you used:
 43086 strings out of 475664
 100000,1977958 words of node,token memory allocated
 19206 words of node memory still in use:
   143 hlist, 8 vlist, 7 rule, 104 disc, 13 local_par, 3 dir, 475 glue, 92 kern, 59 penalty, 12 margin_kern, 1251 glyph, 581 attribute, 83 glue_spec, 581 attribute_list, 3 temp, 7 if_stack, 5 write, 203 pdf_literal, 7 pdf_dest, 67 pdf_colorstack nodes
   avail lists: 1:1,2:2582,3:1560,4:952,5:220,6:151,7:4732,8:56,9:1166,10:23,11:242,12:1
 64539 multiletter control sequences out of 65536+600000
 72 fonts using 20341939 bytes
 108i,11n,123p,10918b,1421s stack positions out of 10000i,1000n,20000p,200000b,200000s
!  ==> Fatal error occurred, no output PDF file produced!
